0_Absolute energy,0_Average power,0_ECDF Percentile Count_0,0_ECDF Percentile Count_1,0_ECDF Percentile_0,0_ECDF Percentile_1,0_ECDF_0,0_ECDF_1,0_ECDF_2,0_ECDF_3,0_ECDF_4,0_ECDF_5,0_ECDF_6,0_ECDF_7,0_ECDF_8,0_ECDF_9,0_Entropy,0_Histogram mode,0_Interquartile range,0_Kurtosis,0_Max,0_Mean,0_Mean absolute deviation,0_Median,0_Median absolute deviation,0_Min,0_Peak to peak distance,0_Root mean square,0_Skewness,0_Standard deviation,0_Variance,mfcc_mean_1,mfcc_mean_2,mfcc_mean_3,mfcc_mean_4,mfcc_mean_5,mfcc_mean_6,mfcc_mean_7,mfcc_mean_8,mfcc_mean_9,mfcc_mean_10,mfcc_mean_11,mfcc_mean_12,mfcc_mean_13,mfcc_std_1,mfcc_std_2,mfcc_std_3,mfcc_std_4,mfcc_std_5,mfcc_std_6,mfcc_std_7,mfcc_std_8,mfcc_std_9,mfcc_std_10,mfcc_std_11,mfcc_std_12,mfcc_std_13,mfcc_delta_mean_1,mfcc_delta_mean_2,mfcc_delta_mean_3,mfcc_delta_mean_4,mfcc_delta_mean_5,mfcc_delta_mean_6,mfcc_delta_mean_7,mfcc_delta_mean_8,mfcc_delta_mean_9,mfcc_delta_mean_10,mfcc_delta_mean_11,mfcc_delta_mean_12,mfcc_delta_mean_13,label,filename
1566.8819193706604,1688.564067483705,2969.0,11878.0,-0.22570690512657166,0.18492363393306732,6.734913793103448e-05,0.00013469827586206896,0.00020204741379310345,0.00026939655172413793,0.00033674568965517244,0.0004040948275862069,0.0004714439655172414,0.0005387931034482759,0.0006061422413793104,0.0006734913793103449,0.9999708402812986,-0.06364463865756986,0.29692416824400425,1.0231614277250376,1.0,0.000394366074103,0.22813130850998134,-0.0044170161709189415,0.1550140306353569,-0.9338993430137634,1.9338993430137634,0.32485096045623546,0.6339975014193897,0.32485072107775637,0.10552799098473825,-115.8478775024414,125.43689727783203,-45.86232376098633,0.974651575088501,-21.98731231689453,-0.1972830444574356,-17.720407485961914,-12.640454292297363,2.7862589359283447,1.3219795227050781,18.46684455871582,-24.90933609008789,-13.92824649810791,81.4842758178711,26.564064025878906,33.78016662597656,11.90383243560791,14.067343711853027,9.320414543151855,12.179945945739746,5.234527111053467,11.645953178405762,5.948631286621094,12.06562614440918,9.095596313476562,6.646422863006592,0.9207961559295654,0.4427020251750946,-1.1601625680923462,-1.4601993560791016,-0.7408263087272644,0.008547449484467506,-0.39930421113967896,-0.37190553545951843,-0.017482884228229523,0.856038510799408,1.4518319368362427,-0.22188542783260345,-0.48398610949516296,0,Buka10_noise_0.003.wav
1553.2103406587203,1673.8307705623713,2969.0,11878.0,-0.22477826476097107,0.1847921907901764,6.734913793103448e-05,0.00013469827586206896,0.00020204741379310345,0.00026939655172413793,0.00033674568965517244,0.0004040948275862069,0.0004714439655172414,0.0005387931034482759,0.0006061422413793104,0.0006734913793103449,0.9999514004688311,-0.06345617175102236,0.29582217149436474,1.0219145260979072,1.0,0.00043632134793338136,0.22731866751755025,-0.006226563826203346,0.15414555184543133,-0.9335566759109497,1.9335566759109497,0.3234306378018836,0.6333074172186576,0.3234303434939501,0.10460718709261457,-99.28883361816406,107.97081756591797,-35.5340576171875,-4.994847297668457,-19.06346893310547,-1.2091553211212158,-18.637845993041992,-9.716768264770508,-0.846213698387146,5.996773719787598,14.133036613464355,-21.598325729370117,-13.56881046295166,69.86639404296875,27.8670711517334,30.39189338684082,11.906538963317871,11.964402198791504,8.480836868286133,11.26384162902832,4.807750225067139,10.067787170410156,6.384637832641602,11.138489723205566,9.703592300415039,5.919438362121582,0.8367472887039185,-0.01179062481969595,-0.9351895451545715,-1.2628954648971558,-0.5438088774681091,-0.11585620045661926,-0.3823739290237427,-0.4489729106426239,0.06574420630931854,0.8918182253837585,1.2699811458587646,-0.2790033221244812,-0.37598198652267456,0,Buka10_noise_0.008.wav
989.9120523766449,1104.8896294402732,2867.0,11468.0,-0.1697302907705307,0.20258449018001556,6.975446428571428e-05,0.00013950892857142856,0.00020926339285714285,0.00027901785714285713,0.00034877232142857144,0.0004185267857142857,0.00048828125,0.0005580357142857143,0.0006277901785714286,0.0006975446428571429,0.9999898960424096,0.021726307272911027,0.27935685962438583,2.1029461143379944,0.8576841950416565,0.00035645197740219063,0.18666810576474285,0.001965791452676058,0.13927476853132248,-1.0,1.8576841950416565,0.2627751603624376,-0.7891844318121612,0.2627749186004871,0.06905065784549261,-150.0614013671875,141.53854370117188,-47.03335952758789,0.3817615509033203,-18.555072784423828,-6.602636337280273,-9.734336853027344,-22.189464569091797,4.1346211433410645,-8.908618927001953,23.981412887573242,-9.4410982131958,-29.423551559448242,66.88188934326172,21.06436538696289,33.54099655151367,10.736126899719238,12.744840621948242,10.667135238647461,10.657238006591797,8.988167762756348,8.958337783813477,8.061969757080078,10.494270324707031,8.188258171081543,12.73829460144043,-4.229829788208008,0.14543095231056213,-1.6331011056900024,-0.8307111859321594,-0.9452399015426636,0.20843088626861572,-0.11664947867393494,-0.2671753466129303,-0.26652854681015015,0.6779656410217285,1.2425652742385864,0.8696170449256897,-0.7384076118469238,0,Buka10_pitch_-1.0.wav
820.8767033032475,884.6249917728808,2969.0,11878.0,-0.20057442784309387,0.19857323169708252,6.734913793103448e-05,0.00013469827586206896,0.00020204741379310345,0.00026939655172413793,0.00033674568965517244,0.0004040948275862069,0.0004714439655172414,0.0005387931034482759,0.0006061422413793104,0.0006734913793103449,0.9990936996730899,0.04374186396598817,0.2967309132218361,0.16503145751446935,1.0,0.000561547127715112,0.1778314693835852,-0.0001682019719737582,0.14900406450033188,-0.7386511564254761,1.738651156425476,0.23512834434653615,0.221089210512431,0.23512767378589583,0.055285022979966646,-160.08770751953125,136.5397186279297,-40.04343795776367,-3.7336223125457764,-6.227670669555664,-13.322005271911621,3.952998638153076,-32.94843292236328,3.6776254177093506,-16.81438446044922,20.52797508239746,12.957197189331055,-32.259185791015625,89.49923706054688,25.650178909301758,37.530216217041016,11.99576187133789,14.839492797851562,13.116925239562988,10.250732421875,10.625033378601074,7.988597869873047,10.116851806640625,8.976544380187988,14.500068664550781,16.322917938232422,0.02762756310403347,1.570197343826294,-1.92512047290802,-1.079574704170227,-1.3970839977264404,0.29759761691093445,-0.45456355810165405,-0.1583990901708603,-0.6432067155838013,0.008923427201807499,1.0882645845413208,1.322061538696289,-0.6399173736572266,0,Buka10_pitch_-2.0.wav
982.3874088780312,1058.6784227149255,2969.0,11878.0,-0.19246140122413635,0.20300383865833282,6.734913793103448e-05,0.00013469827586206896,0.00020204741379310345,0.00026939655172413793,0.00033674568965517244,0.0004040948275862069,0.0004714439655172414,0.0005387931034482759,0.0006061422413793104,0.0006734913793103449,0.9987191338450913,0.018859773874282837,0.292568814009428,0.26081314166462155,1.0,0.0002679119918409302,0.19028837906390245,4.04538121751008e-12,0.14658017456531525,-0.7838913202285767,1.7838913202285767,0.2572215875509637,-0.09943425174731767,0.2572214480275755,0.06616287332540274,-152.13897705078125,127.03655242919922,-55.8137092590332,6.232055187225342,-22.680625915527344,-1.4097068309783936,-21.402177810668945,-9.689654350280762,9.722460746765137,4.060152530670166,13.826597213745117,-38.309791564941406,7.755939960479736,86.27655792236328,23.611337661743164,36.61188888549805,12.411405563354492,14.848892211914062,7.792498588562012,12.26793098449707,6.579440593719482,14.676187515258789,7.587943077087402,12.16976261138916,12.240968704223633,8.849149703979492,0.2664347290992737,0.45292216539382935,-1.7787072658538818,-1.465864896774292,-0.5794486999511719,0.007470068521797657,-0.37374088168144226,-0.17012231051921844,0.29182401299476624,0.8400785326957703,0.9707224369049072,-1.052716851234436,0.24199943244457245,0,Buka10_pitch_1.0.wav
720.9782843079552,776.9685828064446,2969.0,11878.0,-0.18947646021842957,0.17103058099746704,6.734913793103448e-05,0.00013469827586206896,0.00020204741379310345,0.00026939655172413793,0.00033674568965517244,0.0004040948275862069,0.0004714439655172414,0.0005387931034482759,0.0006061422413793104,0.0006734913793103449,0.9988552920333893,-0.061367431282997154,0.2512790020555258,0.5316638001968546,1.0,0.0003297914771471478,0.1633627697326344,-0.00012423679436324164,0.12634605914354324,-0.9297589659690857,1.9297589659690857,0.22035713266226956,0.3057755315019799,0.22035688587543314,0.04855715715271867,-156.15615844726562,123.61621856689453,-56.745140075683594,6.679919242858887,-27.786903381347656,1.0382378101348877,-26.063844680786133,0.3465076684951782,2.003108501434326,3.4859390258789062,-2.9283392429351807,-32.71843719482422,20.912965774536133,87.06995391845703,23.58530044555664,36.323570251464844,13.400360107421875,16.950536727905273,9.724148750305176,12.559645652770996,5.568517208099365,11.451825141906738,11.596451759338379,6.36275053024292,13.020254135131836,13.28277587890625,0.0320688895881176,0.615418016910553,-2.1788103580474854,-1.5995885133743286,-0.3916610777378082,0.020845798775553703,-0.7460756301879883,-0.05108446627855301,0.5429753065109253,1.5741827487945557,0.26670366525650024,-0.8680059909820557,0.5093673467636108,0,Buka10_pitch_2.0.wav
1252.003876612906,1185.6799068248888,3379.0,13516.0,-0.21431855857372284,0.20275235176086426,5.918560606060606e-05,0.00011837121212121212,0.0001775568181818182,0.00023674242424242425,0.0002959280303030303,0.0003551136363636364,0.00041429924242424244,0.0004734848484848485,0.0005326704545454545,0.0005918560606060606,0.999974714919466,0.02300931811332707,0.3034375570714474,0.30093920424095,0.860016942024231,-0.00024258086068347222,0.20218391849097958,-0.0024815420620143414,0.1536373500712216,-1.0,1.860016942024231,0.27221426896392314,0.2765331704309116,0.2722141608772202,0.07410054938208913,-153.73216247558594,136.39552307128906,-54.34416580200195,5.790894508361816,-25.22370719909668,-1.9201011657714844,-18.39576530456543,-19.323087692260742,7.557391166687012,-2.030308485031128,23.347135543823242,-27.197826385498047,-12.20156192779541,74.83184814453125,23.278324127197266,36.37185287475586,10.829548835754395,14.88863468170166,8.13364315032959,12.552969932556152,6.974565505981445,13.589529991149902,5.641251564025879,13.99634075164795,8.865642547607422,6.900889873504639,0.7521563768386841,0.8117038607597351,-1.397844910621643,-1.3687227964401245,-0.5767741203308105,0.17345236241817474,-0.44733306765556335,-0.35385391116142273,-0.12193773686885834,0.5516098141670227,1.4135335683822632,-0.35983243584632874,-0.1010160744190216,0,Buka10_stretch_0.85.wav
934.4946487401019,1168.209577298354,2560.0,10240.0,-0.17284852266311646,0.1867661476135254,7.8125e-05,0.00015625,0.000234375,0.0003125,0.000390625,0.00046875,0.000546875,0.000625,0.000703125,0.00078125,0.9989304944971751,0.02894879579544063,0.2618536166846752,1.0082947518787373,0.8708159923553467,0.0005916617928287992,0.19118024207806986,0.0012463163584470749,0.13164685480296612,-1.0,1.8708159923553467,0.2701988053874785,-0.28822431936456727,0.2701981575976109,0.07300704436914338,-146.57962036132812,138.34095764160156,-53.03058624267578,7.026280879974365,-23.228206634521484,1.4707081317901611,-15.203731536865234,-18.294023513793945,8.246047019958496,-2.175628185272217,25.882022857666016,-26.361774444580078,-15.253228187561035,82.91083526611328,21.64671516418457,38.6395378112793,11.476268768310547,15.355591773986816,9.602736473083496,13.095671653747559,7.515526294708252,15.462714195251465,6.025105953216553,13.560967445373535,10.2206392288208,6.6136860847473145,0.31102898716926575,0.6844983696937561,-2.71448016166687,-1.5735708475112915,-1.298339605331421,-0.1948687732219696,0.07999598979949951,-0.3799697458744049,0.5720999240875244,0.38714599609375,1.9095971584320068,-0.6929324269294739,-0.5323403477668762,0,Buka10_stretch_1.15.wav
794.8736878874555,1080.0831427770095,2355.0,9420.0,-0.13648125529289246,0.07880931347608566,8.491847826086956e-05,0.00016983695652173913,0.0002547554347826087,0.00033967391304347825,0.0004245923913043478,0.0005095108695652174,0.000594429347826087,0.0006793478260869565,0.0007642663043478261,0.0008491847826086956,0.9999874414035979,-0.030662044882774353,0.13169917836785316,2.9656164503168334,1.0,-4.6538363075414495e-05,0.158747172388612,-0.006394293392077088,0.06381467916071415,-0.8739309906959534,1.8739309906959534,0.25980658957195085,0.8176188662263238,0.2598065854038132,0.06749946181918887,-143.60205078125,138.04083251953125,-20.88943099975586,-12.813799858093262,-30.190275192260742,-0.7687329649925232,-18.05695152282715,-17.49663543701172,-0.32928892970085144,-2.142833948135376,13.409476280212402,-13.198363304138184,-18.954336166381836,66.2319564819336,23.185672760009766,27.495134353637695,17.550020217895508,18.21569061279297,6.97150182723999,6.023548603057861,7.932383060455322,8.162649154663086,10.473420143127441,12.303873062133789,12.863615036010742,8.12115478515625,0.02278900146484375,1.7399581670761108,0.037094373255968094,-1.9848742485046387,-0.7939982414245605,0.1559240221977234,0.4799157679080963,0.15607960522174835,-0.18308532238006592,0.2196110486984253,-0.4363216161727905,-1.0069531202316284,-0.924854040145874,0,Buka11_noise_0.003.wav
791.0691353042974,1074.9134747234614,2355.0,9420.0,-0.1359151005744934,0.07933445274829865,8.491847826086956e-05,0.00016983695652173913,0.0002547554347826087,0.00033967391304347825,0.0004245923913043478,0.0005095108695652174,0.000594429347826087,0.0006793478260869565,0.0007642663043478261,0.0008491847826086956,0.9999999999999998,-0.03020695745944979,0.13133438304066658,2.9622644612404034,1.0,-9.523184365348762e-05,0.15840318735087014,-0.006307592848315835,0.06365342088975012,-0.8731035590171814,1.8731035590171814,0.2591840796985472,0.8163129146474237,0.25918406220305834,0.06717637810007883,-127.1402587890625,119.33868408203125,-10.436832427978516,-17.026094436645508,-26.569738388061523,-2.979945421218872,-17.28352165222168,-15.2404203414917,-3.6245784759521484,2.6390373706817627,9.660609245300293,-11.245566368103027,-17.15635108947754,61.7393798828125,24.875755310058594,26.986282348632812,17.829702377319336,18.04474639892578,6.019348621368408,6.455193519592285,8.091413497924805,7.455079078674316,10.354257583618164,12.65610122680664,12.0316743850708,9.211216926574707,0.5027282238006592,1.4203723669052124,0.09001731872558594,-1.7931181192398071,-0.8470972180366516,0.18426233530044556,0.5680274367332458,0.1989922970533371,-0.1849500685930252,0.35414907336235046,-0.41303661465644836,-0.9105669856071472,-1.0216221809387207,0,Buka11_noise_0.008.wav
465.99423583472776,416.08950127549775,3584.0,14336.0,-0.042277704924345016,0.04529736563563347,5.580357142857143e-05,0.00011160714285714285,0.0001674107142857143,0.0002232142857142857,0.00027901785714285713,0.0003348214285714286,0.000390625,0.0004464285714285714,0.0005022321428571428,0.0005580357142857143,0.9999842020090156,-0.08602063357830048,0.053381485398858786,6.177850294594231,1.0,-2.8048729012448386e-06,0.08923702232994915,9.860254067461938e-05,0.026673689484596252,-0.9745829701423645,1.9745829701423645,0.16125800018822567,-0.14374166368061628,0.1612580001638321,0.026004142616838477,-210.38299560546875,141.98834228515625,-19.014108657836914,-0.6110568046569824,-23.19108009338379,-4.56185245513916,-10.679556846618652,-26.887577056884766,0.670865535736084,-11.362034797668457,14.43013858795166,1.5233454704284668,-18.041515350341797,91.99068450927734,19.054662704467773,23.58445930480957,16.180110931396484,16.733501434326172,7.689406871795654,5.719074249267578,9.172656059265137,5.516968727111816,5.611237525939941,10.043050765991211,9.09350872039795,15.44389533996582,-1.408616542816162,0.3785959780216217,0.3470388650894165,0.1866883933544159,-0.1450948268175125,-0.285872220993042,0.044164106249809265,0.0017238291911780834,-0.07423146814107895,-0.2439519762992859,-0.1659952998161316,-0.25467538833618164,-0.36203765869140625,0,Buka11_pitch_-1.0.wav
573.2513341200223,716.6201535995278,2560.0,10240.0,-0.09282322227954865,0.08190982043743134,7.8125e-05,0.00015625,0.000234375,0.0003125,0.000390625,0.00046875,0.000546875,0.000625,0.000703125,0.00078125,1.0000000000000002,-0.0678638845682144,0.11219613067805767,3.0294431510232878,1.0,-5.737324064640781e-06,0.131588978507673,-0.0006633804296143353,0.05618089932249859,-0.9415706992149353,1.9415706992149353,0.21162528317317555,0.31655841373674454,0.21162528309540393,0.044785260445209855,-169.99700927734375,147.15292358398438,-10.310708045959473,-8.929777145385742,-19.27340316772461,-13.676156044006348,2.0826985836029053,-33.961605072021484,1.1373507976531982,-16.70746421813965,13.124853134155273,10.13847541809082,-19.527111053466797,72.22998809814453,18.395427703857422,25.53328514099121,15.273295402526855,17.89516258239746,10.358936309814453,4.448307037353516,7.90547513961792,7.099248886108398,8.477704048156738,10.017049789428711,11.044062614440918,19.0812931060791,-1.9575899839401245,1.6819273233413696,0.5245224237442017,-0.8201999068260193,-0.26779091358184814,-0.05647850036621094,0.15615521371364594,0.39699384570121765,0.1953224390745163,0.013054104521870613,0.3146069645881653,-0.1899496614933014,-0.4581051468849182,0,Buka11_pitch_-2.0.wav
796.8449304964807,1037.642946849816,2457.0,9830.0,-0.11458728462457657,0.09880616515874863,8.138020833333333e-05,0.00016276041666666666,0.000244140625,0.0003255208333333333,0.0004069010416666667,0.00048828125,0.0005696614583333334,0.0006510416666666666,0.000732421875,0.0008138020833333334,0.9999880190750131,-0.09303141236305235,0.13344814255833626,2.177826427113505,1.0,-5.627052461686562e-06,0.16065021649643355,-9.085782494366867e-06,0.0666245145580433,-0.9873298406600952,1.9873298406600952,0.2546515392711462,0.10901746051166723,0.25465153920897554,0.0648474064215004,-147.8633575439453,145.28573608398438,-33.28864288330078,-9.358777046203613,-32.944698333740234,3.785297155380249,-20.779525756835938,-9.611629486083984,3.6201202869415283,-0.6710954308509827,10.72551155090332,-26.592845916748047,-4.288083076477051,70.77921295166016,20.629283905029297,27.72052001953125,19.021930694580078,14.786181449890137,7.595212936401367,6.691150188446045,7.085361003875732,12.693473815917969,10.49789047241211,9.499409675598145,19.0445499420166,6.553952693939209,-0.052695464342832565,1.768277645111084,-0.47499412298202515,-1.642359972000122,-0.49126937985420227,0.21984806656837463,0.47103458642959595,-0.11579682677984238,-0.14960713684558868,0.050237707793712616,-0.6589323282241821,-1.5436272621154785,-0.7688115835189819,0,Buka11_pitch_1.0.wav
509.39225478473156,692.167819665028,2355.0,9420.0,-0.08597643673419952,0.0973893404006958,8.491847826086956e-05,0.00016983695652173913,0.0002547554347826087,0.00033967391304347825,0.0004245923913043478,0.0005095108695652174,0.000594429347826087,0.0006793478260869565,0.0007642663043478261,0.0008491847826086956,0.9999874414035979,0.048022243380546614,0.1099440548568964,2.5796878402872645,0.9054949879646301,3.371238729684169e-05,0.12994446315066843,-5.588867497863248e-05,0.05451119504868984,-1.0,1.9054949879646301,0.20798272792275938,-0.16620274919104083,0.2079827251905011,0.0432568139776675,-168.6535186767578,136.21412658691406,-37.099361419677734,-11.542991638183594,-34.18785858154297,1.6928833723068237,-27.332040786743164,-2.5277597904205322,3.0093677043914795,3.5543270111083984,0.4346483647823334,-29.545913696289062,9.168472290039062,67.41349029541016,20.838151931762695,27.539220809936523,19.053802490234375,14.477187156677246,7.799070358276367,7.850113391876221,5.263488292694092,14.771710395812988,10.210384368896484,7.73359489440918,19.076797485351562,6.428776264190674,2.857733964920044,2.2122113704681396,-1.438637137413025,-2.0787861347198486,-0.5938126444816589,0.5269549489021301,-0.011943221092224121,-0.28649839758872986,-0.4830887019634247,-0.45771217346191406,-1.0250650644302368,-1.5252867937088013,-0.2522512972354889,0,Buka11_pitch_2.0.wav
751.3165874996912,838.5814719215248,2867.0,11468.0,-0.0956609919667244,0.10013708472251892,6.975446428571428e-05,0.00013950892857142856,0.00020926339285714285,0.00027901785714285713,0.00034877232142857144,0.0004185267857142857,0.00048828125,0.0005580357142857143,0.0006277901785714286,0.0006975446428571429,1.0000000000000002,0.04517219364643088,0.12183031905442476,2.649111016453234,0.9003130793571472,-7.862568080228838e-05,0.14318771621386736,0.00014117330283625051,0.060980278700299095,-1.0,1.9003130793571472,0.22892725060597732,-0.19540626868817174,0.228927237103876,0.05240767988801426,-165.51329040527344,145.07077026367188,-29.732629776000977,-5.326675891876221,-33.27761459350586,1.024034023284912,-18.868972778320312,-17.03561019897461,2.937950372695923,-5.713332176208496,14.72805118560791,-16.589693069458008,-19.281614303588867,68.75935363769531,19.597885131835938,27.587913513183594,16.980670928955078,15.790390014648438,8.04080581665039,7.076218128204346,8.296283721923828,8.553177833557129,10.233429908752441,13.169941902160645,15.975735664367676,10.389900207519531,-2.081080913543701,1.3264386653900146,0.1712033897638321,-0.7919352054595947,-0.2090875208377838,0.27302128076553345,0.28566473722457886,0.16128960251808167,-0.30223578214645386,-0.01397744845598936,0.11953116953372955,-0.7645220756530762,-0.9327110052108765,0,Buka11_stretch_0.85.wav
593.0715251565732,975.5468697959465,1945.0,7782.0,-0.09805277734994888,0.12105892598628998,0.00010279605263157894,0.00020559210526315788,0.0003083881578947368,0.00041118421052631577,0.0005139802631578947,0.0006167763157894736,0.0007195723684210526,0.0008223684210526315,0.0009251644736842105,0.0010279605263157894,1.0,0.09256432652473445,0.12914016004651785,2.5972957079687875,0.9864805936813354,-9.716451213355532e-05,0.15460042540591337,0.001989334588870406,0.06350618950091302,-1.0,1.9864805936813354,0.24691174883809378,-0.23824351401473987,0.24691172972004283,0.06096540227334348,-163.2593231201172,150.73355102539062,-30.85318374633789,-9.410393714904785,-36.44842529296875,-0.15029101073741913,-19.746967315673828,-18.108898162841797,4.827511787414551,-6.187191009521484,15.624995231628418,-15.896509170532227,-18.511058807373047,67.02980041503906,20.659717559814453,27.782421112060547,17.329540252685547,15.901662826538086,6.967150688171387,6.517338275909424,7.661484241485596,11.076338768005371,10.014284133911133,11.630931854248047,11.40079402923584,6.789195537567139,1.7457233667373657,2.211169481277466,-1.4461848735809326,-2.7359848022460938,-0.8223751187324524,0.7956658005714417,0.4009234309196472,-0.22177115082740784,-0.4396836757659912,0.7244473099708557,0.24030014872550964,-1.3873904943466187,-0.7054595947265625,0,Buka11_stretch_1.15.wav
233.907312318386,384.75552555712716,1945.0,7782.0,-0.06599471718072891,0.040150344371795654,0.00010279605263157894,0.00020559210526315788,0.0003083881578947368,0.00041118421052631577,0.0005139802631578947,0.0006167763157894736,0.0007195723684210526,0.0008223684210526315,0.0009251644736842105,0.0010279605263157894,0.9999844811873363,-0.035626935958862266,0.07113239960744977,6.815179045588632,1.0,-2.404649794761568e-06,0.08826844051446521,-0.0013538795756176114,0.034816620871424675,-0.5932722091674805,1.5932722091674805,0.15506369139160844,1.294750006470499,0.15506369137296339,0.024044748382209644,-156.0627899169922,120.10908508300781,-17.718788146972656,9.05508041381836,-8.872693061828613,1.334402322769165,-19.89413833618164,-2.615432024002075,-6.415615081787109,-11.79482650756836,12.233927726745605,-5.04049015045166,-4.004961967468262,77.32542419433594,25.72574234008789,25.74627685546875,8.536848068237305,7.350582122802734,6.493924617767334,12.857071876525879,3.892169952392578,5.140432834625244,7.095010757446289,14.076459884643555,7.833858966827393,3.1810622215270996,0.8556257486343384,-1.0257768630981445,-2.353487730026245,-0.3503880500793457,0.7663770914077759,1.0468412637710571,0.4113379120826721,0.22301197052001953,0.66327965259552,0.9718182682991028,1.1699714660644531,0.3791869580745697,0.20581993460655212,0,Buka12_noise_0.003.wav
231.24914861483842,361.36208397669833,2048.0,8192.0,-0.06058070436120033,0.03745095804333687,9.765625e-05,0.0001953125,0.00029296875,0.000390625,0.00048828125,0.0005859375,0.00068359375,0.00078125,0.00087890625,0.0009765625,1.0000000000000002,-0.03583157658576969,0.06503211567178369,7.295458283714241,1.0,3.6968610972556994e-05,0.08432670618434425,-0.0020860371878370643,0.03191507700830698,-0.5935870409011841,1.593587040901184,0.1502761613477594,1.3245196481937027,0.15027615680053713,0.022582923302739623,-141.1067352294922,99.69418334960938,-6.275679111480713,2.4158408641815186,-4.9186553955078125,-0.644123911857605,-17.175216674804688,-3.017012119293213,-8.09670639038086,-7.575460433959961,7.856208324432373,-2.7759881019592285,-4.144650936126709,67.12752532958984,28.77127456665039,22.70926284790039,8.786864280700684,5.823221206665039,5.739302635192871,11.633974075317383,4.175865173339844,4.561917304992676,6.410080432891846,13.431421279907227,6.070679664611816,2.7856757640838623,-0.0719386488199234,-1.410595178604126,-1.6756322383880615,-0.4304790496826172,0.6212126016616821,0.74818354845047,0.2545582354068756,0.16473956406116486,0.5272467732429504,0.7038508653640747,1.044294834136963,0.34633201360702515,0.15066298842430115,0,Buka12_noise_0.008.wav
217.8586145613607,400.52141020128363,1740.0,6963.0,-0.0732690840959549,0.05722954124212265,0.00011488970588235294,0.00022977941176470588,0.00034466911764705885,0.00045955882352941176,0.0005744485294117647,0.0006893382352941177,0.0008042279411764705,0.0009191176470588235,0.0010340073529411765,0.0011488970588235295,1.0,-0.07228155136108402,0.08653143607079983,5.645715919373963,1.0,-2.1559126904463488e-05,0.09513270835930407,-0.000664942228468135,0.04299942936631851,-0.6496639251708984,1.6496639251708984,0.15820781317903243,0.8828439543376048,0.15820781171009118,0.025029711686095666,-173.0277099609375,142.63543701171875,-18.43413543701172,12.289414405822754,-8.656158447265625,0.6030662655830383,-15.959211349487305,-13.442667961120605,4.1793694496154785,-22.6993408203125,13.895437240600586,-1.544704556465149,-6.259207725524902,60.9104118347168,15.20102310180664,23.234689712524414,10.281498908996582,6.259838104248047,6.6612091064453125,11.925215721130371,5.021040439605713,5.866714000701904,6.943594455718994,15.32262897491455,6.168533802032471,5.145244121551514,-4.132707118988037,-1.6314942836761475,-1.915291666984558,-0.23808568716049194,0.4107435345649719,0.9599779844284058,0.8142104744911194,0.19560647010803223,0.34221845865249634,0.7905116677284241,1.2247475385665894,0.6816385984420776,0.39963459968566895,0,Buka12_pitch_-1.0.wav
353.3509437581124,613.5230710938469,1843.0,7372.0,-0.07549013197422028,0.07382503151893616,0.00010850694444444444,0.00021701388888888888,0.0003255208333333333,0.00043402777777777775,0.0005425347222222222,0.0006510416666666666,0.0007595486111111111,0.0008680555555555555,0.0009765625,0.0010850694444444445,0.9992079115571313,-0.0821430802345276,0.10095058009028435,3.987514030938949,1.0,-3.857106838469198e-05,0.11755943910097669,-4.260373304143528e-12,0.05078308470547199,-0.9675328731536865,1.9675328731536865,0.1958086597261559,0.039359576040182885,0.19580865592722452,0.0383410297360262,-156.4758758544922,135.06007385253906,-9.767807960510254,8.277812004089355,-2.624995470046997,-5.4370317459106445,-4.102633953094482,-20.261117935180664,11.665525436401367,-25.786184310913086,7.925357341766357,2.227463722229004,-9.16199016571045,96.4879150390625,25.202016830444336,24.500160217285156,10.244091987609863,7.357082843780518,5.021370887756348,12.50401496887207,8.4762601852417,8.271442413330078,8.595551490783691,12.510356903076172,10.33343505859375,9.904690742492676,2.1245715618133545,0.06064962223172188,-2.598963975906372,-0.8477929830551147,0.17661917209625244,0.5926448106765747,1.3081525564193726,0.31071728467941284,0.9706931114196777,0.31306910514831543,1.3372799158096313,0.2470836639404297,0.27371758222579956,0,Buka12_pitch_-2.0.wav
233.904255926497,406.1278453417203,1843.0,7372.0,-0.06852283328771591,0.05094067007303238,0.00010850694444444444,0.00021701388888888888,0.0003255208333333333,0.00043402777777777775,0.0005425347222222222,0.0006510416666666666,0.0007595486111111111,0.0008680555555555555,0.0009765625,0.0010850694444444445,0.9990414517530758,0.06328872442245481,0.07979343365877867,6.645029768677617,1.0,-4.11802916546705e-05,0.09203581496127738,-4.5844351916457526e-05,0.03987528942525387,-0.7031114101409912,1.7031114101409912,0.1593117575797076,1.081914087629136,0.15931175225738717,0.025380234407319107,-181.04721069335938,133.3914794921875,-24.57952308654785,17.510019302368164,-13.285673141479492,4.571028709411621,-26.28446388244629,0.48872631788253784,-12.527219772338867,-3.7327523231506348,12.420170783996582,-13.785919189453125,4.717456817626953,90.43907165527344,16.680099487304688,27.97359275817871,8.48720932006836,8.771393775939941,9.91055965423584,13.376489639282227,4.124325752258301,6.762626647949219,8.863525390625,11.978668212890625,10.5676851272583,10.052532196044922,0.7179003357887268,-1.2084612846374512,-2.6571216583251953,0.30110910534858704,1.0976673364639282,1.6159647703170776,0.09305587410926819,0.11574403941631317,0.7647162675857544,1.3081995248794556,0.9126386046409607,0.1954040229320526,0.2425767183303833,0,Buka12_pitch_1.0.wav
300.5536655139614,426.9607252262614,2252.0,9011.0,-0.054536834359169006,0.05262855440378189,8.87784090909091e-05,0.0001775568181818182,0.00026633522727272725,0.0003551136363636364,0.00044389204545454544,0.0005326704545454545,0.0006214488636363636,0.0007102272727272727,0.0007990056818181819,0.0008877840909090909,0.9994177006803489,0.012881737947463945,0.06804945599287748,5.548411483743337,0.84160315990448,-8.806691920767892e-06,0.09197509700298849,-8.357064346098397e-11,0.0340459813268234,-1.0,1.84160315990448,0.1633483280317577,0.26403300581308353,0.1633483277943576,0.026682676193212896,-156.41757202148438,122.92955780029297,-26.922914505004883,15.9750337600708,-17.981595993041992,3.6577486991882324,-24.575149536132812,6.199179172515869,-16.991138458251953,4.175987720489502,3.4644815921783447,-8.110028266906738,6.073361396789551,88.19074249267578,18.78750228881836,25.72413444519043,8.14263916015625,7.026802062988281,8.2626953125,12.253889083862305,7.74992036819458,8.604074478149414,11.168473243713379,4.702723503112793,9.526213645935059,8.157835006713867,0.6571948528289795,-1.938621163368225,-2.443408966064453,0.5845176577568054,0.025727946311235428,0.8436321020126343,-0.20781046152114868,0.6401709914207458,0.8373764157295227,1.1262866258621216,0.529814600944519,0.12302759289741516,0.596443235874176,0,Buka12_pitch_2.0.wav
443.28704531984255,659.7146986436128,2150.0,8601.0,-0.09108205139636993,0.08875781297683716,9.300595238095238e-05,0.00018601190476190475,0.00027901785714285713,0.0003720238095238095,0.0004650297619047619,0.0005580357142857143,0.0006510416666666666,0.000744047619047619,0.0008370535714285714,0.0009300595238095238,0.9999999999999998,-0.058901363611221336,0.11670573242008686,3.2272278065680613,1.0,9.880060865884273e-06,0.12648644998378147,1.069504023121226e-07,0.05857940390706062,-0.9252752065658569,1.925275206565857,0.20304761468214877,0.10832601552203204,0.20304761444177263,0.041228333730494754,-144.95382690429688,134.08584594726562,-23.844022750854492,14.9622802734375,-14.45261287689209,2.9394004344940186,-19.708864212036133,-1.9834010601043701,-4.701671123504639,-15.226409912109375,14.897063255310059,-11.263192176818848,-2.520439624786377,81.8343734741211,16.059778213500977,26.891895294189453,9.489792823791504,6.718279838562012,8.719647407531738,12.286595344543457,3.5927374362945557,5.783855438232422,6.652184963226318,15.272761344909668,8.796435356140137,3.0959956645965576,0.27451515197753906,-1.2457751035690308,-2.357720136642456,0.25106871128082275,0.4613962173461914,1.3735321760177612,0.24844984710216522,-0.12173201888799667,0.2435382902622223,0.9417563080787659,0.820652425289154,0.16212324798107147,0.05557375028729439,0,Buka12_stretch_0.85.wav
317.95093245766355,621.0737296206344,1638.0,6553.0,-0.08113163709640503,0.07916124165058136,0.0001220703125,0.000244140625,0.0003662109375,0.00048828125,0.0006103515625,0.000732421875,0.0008544921875,0.0009765625,0.0010986328125,0.001220703125,0.9983698286186091,-0.09320279955863953,0.10175265744328499,3.7749549724325338,1.0,-2.380832730626781e-05,0.11847542584738642,6.869952630950138e-05,0.051027642148255836,-0.987641453742981,1.987641453742981,0.19700855231378506,0.029046265429898636,0.19700855087517632,0.03881236911793694,-152.3269500732422,136.40391540527344,-24.012954711914062,14.669594764709473,-14.969964981079102,3.140630006790161,-22.650606155395508,-2.238845109939575,-4.58744478225708,-13.714082717895508,17.022247314453125,-8.98557186126709,-1.5943034887313843,87.2344970703125,16.60352325439453,32.12386703491211,9.512197494506836,7.2734551429748535,9.584970474243164,14.76662826538086,5.034998893737793,6.29649543762207,8.007119178771973,16.6546573638916,8.880759239196777,3.783151149749756,-0.20632731914520264,-2.4871182441711426,-3.6539230346679688,-0.3358197510242462,0.48092371225357056,1.5432109832763672,1.0517443418502808,0.8708779811859131,1.134245753288269,1.4021435976028442,0.9993377923965454,-0.11399594694375992,0.6143506765365601,0,Buka12_stretch_1.15.wav
628.115883383613,490.7394957828902,4096.0,16384.0,-0.09443958103656769,0.0326290987432003,4.8828125e-05,9.765625e-05,0.000146484375,0.0001953125,0.000244140625,0.00029296875,0.000341796875,0.000390625,0.000439453125,0.00048828125,0.9999931813475564,-0.025106462836265525,0.07453487534075975,5.6624806426880685,1.0,-8.006619797399084e-05,0.09978489060813592,-0.0021604453213512897,0.030208131298422813,-0.577086865901947,1.577086865901947,0.17512772729736567,1.5123289259095136,0.1751277089947345,0.030669714457744413,-184.79537963867188,113.1264877319336,-11.517165184020996,12.41710376739502,-16.781673431396484,-4.299249172210693,-14.700587272644043,-4.911454677581787,-4.5098395347595215,-13.3228759765625,6.595408916473389,-11.445901870727539,-13.66329288482666,77.66240692138672,22.98952293395996,35.859375,10.478044509887695,14.656710624694824,9.284433364868164,12.010448455810547,7.303269863128662,4.7241668701171875,7.093592166900635,14.537723541259766,9.999500274658203,7.533267974853516,-0.725449800491333,-0.3131481409072876,-1.3799434900283813,-0.8800163269042969,0.2931414246559143,0.5642815828323364,0.25424984097480774,0.13693855702877045,0.05346177890896797,0.3388533592224121,0.23993906378746033,0.09123393893241882,0.1732652187347412,0,Buka13_noise_0.003.wav
635.558622853694,496.5544199257339,4096.0,16384.0,-0.09446486085653305,0.033263638615608215,4.8828125e-05,9.765625e-05,0.000146484375,0.0001953125,0.000244140625,0.00029296875,0.000341796875,0.000390625,0.000439453125,0.00048828125,0.9999863626951131,-0.027300673723220786,0.07573271496221423,5.65415877220728,1.0,8.861824470551838e-06,0.10072998707523748,-0.0027061363216489553,0.030725700547918677,-0.5804625749588013,1.5804625749588013,0.1761622430645342,1.509826191520445,0.1761622428416376,0.031033135802996097,-161.35015869140625,91.15645599365234,-0.35742059350013733,6.057639122009277,-13.541580200195312,-5.388416767120361,-13.697822570800781,-3.9044229984283447,-6.406393051147461,-8.583425521850586,2.320662021636963,-9.140606880187988,-12.865592956542969,68.46261596679688,26.546415328979492,34.17354965209961,10.685587882995605,13.037073135375977,8.259066581726074,10.499039649963379,5.801859378814697,4.435299396514893,6.334959506988525,13.839570999145508,9.458244323730469,8.250779151916504,-0.7492836713790894,-0.6023034453392029,-1.0695890188217163,-0.8421368598937988,0.15518441796302795,0.5133342742919922,0.25518813729286194,0.09462050348520279,0.010123186744749546,0.3091878890991211,0.14948253333568573,0.10939940065145493,0.1539580374956131,0,Buka13_noise_0.008.wav
489.5116933019559,382.4496846931635,4096.0,16384.0,-0.06751025468111038,0.03776616230607033,4.8828125e-05,9.765625e-05,0.000146484375,0.0001953125,0.000244140625,0.00029296875,0.000341796875,0.000390625,0.000439453125,0.00048828125,0.9992893197087599,-4.112422466281962e-05,0.05302517535164952,6.898433312683192,1.0,-4.503134376080747e-05,0.08554122004467968,-0.0004808952653547749,0.024798136539175175,-0.5385248064994812,1.5385248064994812,0.1546025166338167,1.4099140535080643,0.15460251007563766,0.023901936121687645,-243.49774169921875,130.3582000732422,-15.284855842590332,18.099454879760742,-15.53027057647705,-9.549741744995117,-6.925539493560791,-14.725682258605957,7.840000152587891,-23.867908477783203,10.139974594116211,-6.182139873504639,-18.249155044555664,88.4349365234375,20.45201873779297,39.11246109008789,9.61979866027832,12.982420921325684,16.23217010498047,13.616007804870605,10.93783187866211,7.615301132202148,7.696585655212402,14.698325157165527,6.161352157592773,11.263683319091797,-0.7923594117164612,0.34908542037010193,-1.6574623584747314,-0.7257711291313171,-0.27397623658180237,0.5525461435317993,0.31058424711227417,0.3070947229862213,0.2552272379398346,0.15647538006305695,0.5277043581008911,0.04896621033549309,0.08115720748901367,0,Buka13_pitch_-1.0.wav
485.4488256137108,379.27541431805133,4096.0,16384.0,-0.07110359519720078,0.03627398610115051,4.8828125e-05,9.765625e-05,0.000146484375,0.0001953125,0.000244140625,0.00029296875,0.000341796875,0.000390625,0.000439453125,0.00048828125,0.9993202826816874,0.003101167082786599,0.05617043864913285,6.149970775270749,1.0,-5.338024023058626e-05,0.08673986004101444,-0.0010680558625608683,0.026504546403884888,-0.5336905121803284,1.5336905121803284,0.15395959190050315,1.3615403731945634,0.15395958264661355,0.02370355308871943,-246.1734161376953,128.77052307128906,-7.96928071975708,13.537079811096191,-5.93671178817749,-15.444961547851562,0.34538814425468445,-23.85525894165039,12.503836631774902,-23.74970245361328,4.7401018142700195,1.561082363128662,-18.47848129272461,86.71702575683594,20.63255500793457,38.801666259765625,9.54222583770752,15.019657135009766,20.10929298400879,13.932564735412598,10.485407829284668,7.596888065338135,7.344807147979736,10.51345157623291,10.840664863586426,14.041549682617188,-1.1324176788330078,0.528264582157135,-1.7178012132644653,-0.83536696434021,-0.34777867794036865,0.5357749462127686,0.23965653777122498,0.4175719618797302,0.35893481969833374,0.12967996299266815,0.4345265030860901,0.34490537643432617,-0.18990790843963623,0,Buka13_pitch_-2.0.wav
505.4147229080249,394.8745332549635,4096.0,16384.0,-0.0657670721411705,0.03909829631447792,4.8828125e-05,9.765625e-05,0.000146484375,0.0001953125,0.000244140625,0.00029296875,0.000341796875,0.000390625,0.000439453125,0.00048828125,0.9992591074085605,-0.03061409294605255,0.051348698791116476,5.886959822041597,1.0,-7.123669044887945e-05,0.08741659445606884,-0.0007268029148690403,0.02509237203048542,-0.585560142993927,1.585560142993927,0.1570937722094463,1.112926630600469,0.1570937560577356,0.024678448192327337,-236.01278686523438,125.24517822265625,-25.221790313720703,15.859617233276367,-25.2246150970459,2.358583688735962,-16.06576156616211,-1.7093628644943237,-6.853583335876465,-11.795331001281738,9.888066291809082,-22.122507095336914,3.3052408695220947,85.10807037353516,22.30143165588379,35.850914001464844,9.446793556213379,16.5060977935791,9.205727577209473,10.664409637451172,12.058724403381348,4.048022270202637,9.80643367767334,9.720014572143555,16.3142147064209,6.559686183929443,-1.4264572858810425,-0.535756528377533,-1.946675181388855,-0.6902766227722168,0.3512938320636749,0.750398576259613,0.06876829266548157,0.18802697956562042,0.15034238994121552,0.2831822633743286,0.39993560314178467,-0.023815609514713287,0.5599356889724731,0,Buka13_pitch_1.0.wav
430.2827607896505,336.174821653128,4096.0,16384.0,-0.06899850070476532,0.035552289336919785,4.8828125e-05,9.765625e-05,0.000146484375,0.0001953125,0.000244140625,0.00029296875,0.000341796875,0.000390625,0.000439453125,0.00048828125,0.9992644215053623,0.009442973136901817,0.054418851621448994,6.325595296120829,1.0,-5.9488012834089935e-05,0.08196945557441113,-0.001064395997673273,0.02489573461934924,-0.5239338874816895,1.5239338874816895,0.1449479231627075,1.3317722946258996,0.1449479109554825,0.02100989689035849,-235.15213012695312,120.64839172363281,-24.575469970703125,16.75564193725586,-27.044212341308594,1.0167001485824585,-22.23352813720703,1.056020975112915,-12.207901000976562,-5.354884147644043,3.3288567066192627,-22.544477462768555,14.458389282226562,84.1313247680664,21.754968643188477,35.68579864501953,6.8683319091796875,16.7537841796875,9.278813362121582,11.48642349243164,13.616517066955566,4.682853698730469,12.748751640319824,7.053560733795166,15.658272743225098,7.31827974319458,-1.2565038204193115,-0.5679451823234558,-1.890468716621399,-0.20903420448303223,0.6737309694290161,0.7751588225364685,0.04872102290391922,0.12702806293964386,0.20869097113609314,0.5730803608894348,0.2973965108394623,0.04715520516037941,0.4315618574619293,0,Buka13_pitch_2.0.wav
604.228450011817,410.4987134384558,4710.0,18841.0,-0.07720059901475906,0.03462597727775574,4.245923913043478e-05,8.491847826086956e-05,0.00012737771739130434,0.00016983695652173913,0.0002122961956521739,0.0002547554347826087,0.0002972146739130435,0.00033967391304347825,0.00038213315217391306,0.0004245923913043478,0.9999707652714539,-0.016277161240577737,0.06074204063042998,5.479038627820852,1.0,-5.344192051704202e-05,0.09111835089404297,-0.001788533409126103,0.027560417540371418,-0.5635033249855042,1.5635033249855042,0.16017203329065813,1.3246704987356426,0.16017202437512248,0.02565507739242483,-238.8984832763672,131.41619873046875,-21.46249008178711,19.803054809570312,-23.92128562927246,-3.058347702026367,-12.576253890991211,-7.219235897064209,-0.6535595059394836,-17.471887588500977,10.941157341003418,-15.987768173217773,-11.896010398864746,84.954833984375,19.737239837646484,35.56585693359375,10.272602081298828,16.332849502563477,11.978012084960938,13.008567810058594,10.483926773071289,5.513985633850098,7.5880351066589355,15.230252265930176,10.745320320129395,8.852225303649902,-0.9194761514663696,-0.11430039256811142,-1.715315580368042,-0.6860863566398621,0.07772478461265564,0.6446359157562256,0.034636300057172775,0.03867596387863159,0.1526867151260376,0.27770689129829407,0.3028571307659149,-0.10777164995670319,0.23251453042030334,0,Buka13_stretch_0.85.wav
729.9623068191465,651.7884317822616,3584.0,14336.0,-0.0854976549744606,0.06948346644639969,5.580357142857143e-05,0.00011160714285714285,0.0001674107142857143,0.0002232142857142857,0.00027901785714285713,0.0003348214285714286,0.000390625,0.0004464285714285714,0.0005022321428571428,0.0005580357142857143,0.9998360572371816,0.09804612696170811,0.07151465676724911,4.03253634944183,0.9964475035667419,-7.246938386622639e-05,0.11773818672914206,-0.00036788126453757286,0.03580683283507824,-1.0,1.996447503566742,0.20182790621900387,0.3626497288288737,0.2018278932083854,0.04073449847693542,-207.6860809326172,132.36534118652344,-23.64412498474121,19.597579956054688,-22.592159271240234,-3.2213857173919678,-15.625123977661133,-7.413782119750977,1.0719698667526245,-18.60843276977539,10.218753814697266,-15.80519962310791,-12.052257537841797,83.61528015136719,19.03893280029297,40.27709197998047,10.751822471618652,13.598936080932617,12.355301856994629,12.296392440795898,9.139544486999512,5.7978973388671875,8.24918270111084,15.216301918029785,12.075004577636719,9.084497451782227,-1.9007004499435425,-0.7721465229988098,-2.5738067626953125,-0.9782939553260803,0.18477852642536163,0.8657978773117065,0.10768172889947891,0.25986650586128235,0.39711910486221313,0.42270663380622864,0.39508554339408875,0.03548702970147133,0.4557722508907318,0,Buka13_stretch_1.15.wav
888.5182447692737,645.7547997414662,4403.0,17612.0,-0.14907848834991455,0.10461776703596115,4.5421511627906976e-05,9.084302325581395e-05,0.00013626453488372093,0.0001816860465116279,0.00022710755813953488,0.00027252906976744186,0.00031795058139534886,0.0003633720930232558,0.0004087936046511628,0.00045421511627906976,0.9999811088265463,0.06737343072891233,0.17956943158060312,2.6170176243053405,1.0,-3.420346182002676e-05,0.13722577243497733,-0.0073242762591689825,0.09513450250960886,-0.6956846714019775,1.6956846714019775,0.20089261257297406,1.1909141048857423,0.20089260966127714,0.04035784061651826,-197.7280731201172,124.94479370117188,9.099678039550781,14.790075302124023,-23.94696617126465,-9.58643627166748,-8.701647758483887,-6.7350263595581055,-6.8176727294921875,-14.252488136291504,1.1609318256378174,-11.923110961914062,-17.440513610839844,62.997459411621094,26.844120025634766,26.08379364013672,12.3932466506958,14.773124694824219,9.04686164855957,7.459756374359131,4.724942684173584,3.541341543197632,8.141304969787598,12.156593322753906,6.661582946777344,8.0908842086792,3.6733086109161377,1.1386148929595947,-1.7416253089904785,-1.0820437669754028,-1.2010456323623657,-0.5330678224563599,-0.4050612151622772,-0.275115430355072,0.3047637939453125,-0.004683402366936207,0.6505286693572998,-0.41632091999053955,-0.42342671751976013,0,Buka14_noise_0.003.wav
876.226373713121,636.8213481448983,4403.0,17612.0,-0.14784736931324005,0.10341709852218628,4.5421511627906976e-05,9.084302325581395e-05,0.00013626453488372093,0.0001816860465116279,0.00022710755813953488,0.00027252906976744186,0.00031795058139534886,0.0003633720930232558,0.0004087936046511628,0.00045421511627906976,0.9999999999999999,0.07047138214111326,0.17787894885987043,2.618036475344649,1.0,-5.99769955015007e-05,0.1365134480183262,-0.008490999229252338,0.0942555433139205,-0.6900520324707031,1.6900520324707031,0.19949818651378587,1.1911915908469823,0.19949817749806464,0.039799522825049304,-171.5595245361328,101.09197235107422,19.597747802734375,9.429977416992188,-20.11740493774414,-11.013144493103027,-9.390514373779297,-4.373992919921875,-9.20333194732666,-9.224565505981445,-2.2486250400543213,-10.518808364868164,-14.882715225219727,52.07109451293945,26.717939376831055,25.494783401489258,11.744043350219727,13.318460464477539,7.750053405761719,6.089663505554199,3.509113311767578,4.254778861999512,7.987812042236328,12.186731338500977,6.188802719116211,7.115650177001953,2.940473794937134,1.1156394481658936,-1.5133017301559448,-1.0773307085037231,-1.0405590534210205,-0.3551952838897705,-0.415320485830307,-0.2319701761007309,0.12425689399242401,0.09897885471582413,0.4889838397502899,-0.40765896439552307,-0.2849471867084503,0,Buka14_noise_0.008.wav
1240.9464547589537,923.3661943051322,4300.0,17203.0,-0.19573086500167847,0.19827908277511597,4.650297619047619e-05,9.300595238095238e-05,0.00013950892857142856,0.00018601190476190475,0.00023251488095238094,0.00027901785714285713,0.0003255208333333333,0.0003720238095238095,0.0004185267857142857,0.0004650297619047619,0.9999935378056467,-0.06670882403850553,0.2772520314902067,0.45509798961243053,1.0,-2.1865044387270855e-05,0.17870201209044648,-0.00722073158249259,0.146527998149395,-0.9394705891609192,1.9394705891609192,0.24022427737285726,0.4678396560213933,0.24022427637778682,0.0577077029612313,-208.40699768066406,144.84054565429688,2.10213041305542,24.25819206237793,-13.822622299194336,-15.76845645904541,2.3648977279663086,-18.386455535888672,5.859640598297119,-26.610525131225586,5.939912796020508,-8.961094856262207,-25.292259216308594,58.73140335083008,15.103776931762695,25.996009826660156,11.04361629486084,10.975654602050781,12.264341354370117,10.992321014404297,7.799826145172119,5.588923931121826,9.411999702453613,11.82412338256836,8.705802917480469,10.31303882598877,1.3473666906356812,0.27758023142814636,-1.8271218538284302,-0.9718748331069946,-0.840397298336029,-0.40127572417259216,-0.28208473324775696,-0.610246479511261,0.37925049662590027,-0.027279678732156754,0.8740478157997131,0.3393760323524475,-0.5930508971214294,0,Buka14_pitch_-1.0.wav
934.9143374401567,695.653136727085,4300.0,17203.0,-0.13414601981639862,0.15909114480018616,4.650297619047619e-05,9.300595238095238e-05,0.00013950892857142856,0.00018601190476190475,0.00023251488095238094,0.00027901785714285713,0.0003255208333333333,0.0003720238095238095,0.0004185267857142857,0.0004650297619047619,0.9999870756112935,-0.019333645701408386,0.20334086939692497,1.542311439374238,0.7830297350883484,-1.7146884863470485e-05,0.14526335354578382,0.00014232759713195264,0.10044742460013367,-1.0,1.7830297350883484,0.20850971002357283,-0.4419329454202769,0.20850970931853216,0.043476298880098775,-223.63856506347656,138.9691925048828,14.300592422485352,17.262798309326172,-3.9795937538146973,-31.518207550048828,10.72664737701416,-28.901540756225586,14.462471961975098,-27.630615234375,2.789130210876465,-2.5627260208129883,-24.173969268798828,58.23447799682617,14.561232566833496,32.03822708129883,11.828429222106934,12.107210159301758,18.877281188964844,12.009588241577148,9.964604377746582,6.719723224639893,8.674128532409668,6.925192832946777,10.935454368591309,9.139991760253906,0.9057909846305847,0.3584098517894745,-1.939935564994812,-1.0862654447555542,-0.9966710805892944,-0.5536935329437256,-0.2841225862503052,-0.8727593421936035,0.1823275089263916,-0.06815479695796967,0.3571447432041168,0.6551674008369446,-0.7632737159729004,0,Buka14_pitch_-2.0.wav
1188.4084464589414,863.7081600428372,4403.0,17612.0,-0.11368115991353989,0.11583644151687622,4.5421511627906976e-05,9.084302325581395e-05,0.00013626453488372093,0.0001816860465116279,0.00022710755813953488,0.00027252906976744186,0.00031795058139534886,0.0003633720930232558,0.0004087936046511628,0.00045421511627906976,0.9995685020905714,0.08371106982231136,0.1493922472000122,2.3829619729203175,0.9703837633132935,-5.046709799773031e-05,0.14775476808506544,3.77744537038982e-12,0.0746874138712883,-1.0,1.9703837633132935,0.2323344745610037,-0.11406336337717747,0.23233446907983693,0.053979305522609704,-201.5539093017578,138.08811950683594,-8.387908935546875,22.470935821533203,-33.26150131225586,-6.0100016593933105,-11.47276782989502,-6.495414733886719,-4.205416679382324,-14.158987045288086,8.557899475097656,-27.80830192565918,-0.5323973298072815,72.54714965820312,25.569869995117188,26.301666259765625,13.194976806640625,15.582589149475098,7.840141773223877,7.374067306518555,6.649085998535156,5.688206672668457,9.571187019348145,12.247865676879883,10.459261894226074,4.709757328033447,3.567086696624756,0.7349081039428711,-2.369068145751953,-1.2245055437088013,-1.2600690126419067,-0.2782993018627167,-0.37118130922317505,-0.11738888919353485,0.502816915512085,-0.017648842185735703,0.8951194286346436,-0.8111120462417603,0.19816485047340393,0,Buka14_pitch_1.0.wav
1271.5674789912498,924.1462486422892,4403.0,17612.0,-0.15335918962955475,0.15457914769649506,4.5421511627906976e-05,9.084302325581395e-05,0.00013626453488372093,0.0001816860465116279,0.00022710755813953488,0.00027252906976744186,0.00031795058139534886,0.0003633720930232558,0.0004087936046511628,0.00045421511627906976,0.9994785449390353,0.06074898838996878,0.21978316456079483,1.4993050998562296,0.928634524345398,-2.7859869586586717e-05,0.1641771763910441,2.4228728534581023e-06,0.10993106892340165,-1.0,1.928634524345398,0.24032585593870132,-0.2929928408660527,0.24032585432386813,0.05775651625649709,-204.88401794433594,135.94480895996094,-6.4584197998046875,17.537504196166992,-38.6468391418457,-0.14506720006465912,-12.938214302062988,-4.375834941864014,-12.932921409606934,-12.373719215393066,3.572552442550659,-25.054222106933594,12.919770240783691,72.43612670898438,23.371835708618164,25.02322769165039,10.86642837524414,18.23387336730957,5.975097179412842,8.270215034484863,6.111791610717773,6.150454521179199,12.38757610321045,8.431830406188965,11.712535858154297,8.4205904006958,3.29925537109375,0.6179347634315491,-2.250758171081543,-0.9741694927215576,-1.333598017692566,-0.271653950214386,-0.5679337978363037,0.09321223944425583,0.2420831322669983,0.12901848554611206,0.27262577414512634,-1.000927448272705,0.6138898730278015,0,Buka14_pitch_2.0.wav
1408.6704794048462,880.4534423406203,5120.0,20480.0,-0.13245061039924622,0.16827267408370972,3.90625e-05,7.8125e-05,0.0001171875,0.00015625,0.0001953125,0.000234375,0.0002734375,0.0003125,0.0003515625,0.000390625,0.9997387227202553,0.0735116958618165,0.2024217564612627,2.1563739887754165,0.9518394470214844,-2.7445340676138032e-05,0.1584855283630498,0.005703120259568095,0.106652193935588,-1.0,1.9518394470214844,0.23457661989582806,-0.7557098059406322,0.2345766182902829,0.05502618984850509,-218.20223999023438,145.53155517578125,-2.6060705184936523,25.03525161743164,-29.375246047973633,-9.706236839294434,-8.748444557189941,-11.990882873535156,0.4604566693305969,-22.863306045532227,6.484316349029541,-15.388437271118164,-17.01772689819336,69.34783935546875,22.97676658630371,26.930137634277344,12.876447677612305,15.056294441223145,9.687714576721191,8.915325164794922,8.58591365814209,5.658936023712158,9.475212097167969,12.958806037902832,6.607570171356201,9.15965461730957,1.883180856704712,0.9472925662994385,-1.7042007446289062,-0.8690041899681091,-0.971260666847229,-0.41503390669822693,-0.13964420557022095,-0.2507209777832031,0.42489877343177795,-0.20809757709503174,0.5750882625579834,-0.37755468487739563,-0.2862778306007385,0,Buka14_stretch_0.85.wav
874.7211828867873,719.3800527467797,3891.0,15564.0,-0.15447475016117096,0.11125895380973816,5.139802631578947e-05,0.00010279605263157894,0.0001541940789473684,0.00020559210526315788,0.00025699013157894735,0.0003083881578947368,0.0003597861842105263,0.00041118421052631577,0.00046258223684210524,0.0005139802631578947,0.9994255839133408,0.07155441939830781,0.1865408644080162,1.606090455845405,1.0,-3.15517133053734e-05,0.14413589857606443,-0.0019837970612570643,0.09356162324547768,-0.6880828738212585,1.6880828738212585,0.21203523852650905,0.6587480297619374,0.2120352361789969,0.044958941381482986,-214.10276794433594,143.3745574951172,-4.999927043914795,28.04008674621582,-23.704641342163086,-4.007223129272461,-3.5652363300323486,-10.687210083007812,-3.0932297706604004,-21.482528686523438,8.910825729370117,-15.059393882751465,-16.454776763916016,71.29141235351562,20.05695343017578,29.27469825744629,14.492366790771484,13.582442283630371,8.962635040283203,9.548257827758789,7.614618301391602,5.320934295654297,11.67422103881836,13.077736854553223,6.1866021156311035,7.997763156890869,2.701615333557129,0.4213297367095947,-2.6101725101470947,-1.1350187063217163,-1.0347368717193604,-0.15878288447856903,-0.321908175945282,-0.22192730009555817,0.4747069478034973,0.01823251135647297,1.012288212776184,-0.31728410720825195,-0.4100199341773987,0,Buka14_stretch_1.15.wav
926.40510112087,1930.2619635283133,1536.0,6144.0,-0.25099512934684753,0.19665437936782837,0.00013020833333333333,0.00026041666666666666,0.000390625,0.0005208333333333333,0.0006510416666666666,0.00078125,0.0009114583333333333,0.0010416666666666667,0.001171875,0.0013020833333333333,1.0,-0.07725700438022615,0.28454508259892464,0.6710092008249267,1.0,0.00017847102756684877,0.2361768942724099,-0.0009609917469788343,0.14278287344495766,-0.9586490988731384,1.9586490988731384,0.3473120559503321,0.4045971354189783,0.34731201009544566,0.12062563235653893,-117.22166442871094,97.60899353027344,-74.69081115722656,-31.46090316772461,-31.488506317138672,12.955873489379883,-11.476829528808594,-8.177595138549805,-0.018905431032180786,-12.208107948303223,7.040924072265625,-22.623340606689453,-10.429932594299316,101.41325378417969,41.21814727783203,29.554601669311523,11.055623054504395,12.437164306640625,5.75300931930542,7.527029514312744,5.758945465087891,6.252005100250244,11.319975852966309,6.241205215454102,6.7597222328186035,5.076611518859863,-3.105070114135742,6.0431928634643555,4.219095230102539,-1.184020757675171,-0.34387409687042236,-0.7331351637840271,1.4196573495864868,0.6922252178192139,-0.8925683498382568,1.2143950462341309,0.016291938722133636,0.06708866357803345,-0.10441017150878906,0,Buka15_noise_0.003.wav
916.5707886188857,1909.7711444071065,1536.0,6144.0,-0.2499181181192398,0.19562695920467377,0.00013020833333333333,0.00026041666666666666,0.000390625,0.0005208333333333333,0.0006510416666666666,0.00078125,0.0009114583333333333,0.0010416666666666667,0.001171875,0.0013020833333333333,1.0,-0.07910794019699097,0.2829734180122614,0.6704926417935742,1.0,0.00021706455557299147,0.23527691105377477,-0.0017649068613536656,0.14214978367090225,-0.9620144367218018,1.9620144367218018,0.3454636808234464,0.4032429249081701,0.3454636126295544,0.11934510765106279,-100.32121276855469,83.32121276855469,-64.51886749267578,-32.090171813964844,-28.821977615356445,12.13132095336914,-9.457408905029297,-6.292109489440918,-0.8894553184509277,-8.755498886108398,5.725873947143555,-19.811004638671875,-9.887110710144043,87.9726333618164,39.28585433959961,31.10479164123535,9.923418045043945,11.745070457458496,5.902712821960449,8.328737258911133,4.513750076293945,6.379380226135254,11.293410301208496,5.771929740905762,7.9249444007873535,4.8555426597595215,-2.3459415435791016,4.337568283081055,3.9819860458374023,-1.1514768600463867,-0.8105596303939819,-0.7588669061660767,1.32061767578125,0.42929425835609436,-0.7944837212562561,0.9414863586425781,-0.19058208167552948,0.2883737087249756,-0.1506812572479248,0,Buka15_noise_0.008.wav
586.1738892352505,1308.6064221799927,1433.0,5734.0,-0.1849796622991562,0.15901565551757812,0.00013950892857142856,0.00027901785714285713,0.0004185267857142857,0.0005580357142857143,0.0006975446428571429,0.0008370535714285714,0.0009765625,0.0011160714285714285,0.0012555803571428572,0.0013950892857142857,0.9995520913075466,0.09951131045818329,0.22617868334054947,1.3466447302276716,0.9991114735603333,1.5647422382362055e-05,0.19107529321044409,-1.921154719752849e-07,0.11467457030193628,-1.0,1.9991114735603333,0.2859658917489235,0.37115907073327015,0.28596589132082734,0.08177649099891524,-157.59153747558594,105.39115905761719,-76.93570709228516,-29.057861328125,-36.99462890625,6.366952896118164,-4.475013732910156,-16.439300537109375,5.006231784820557,-17.110071182250977,9.51414680480957,-13.916254997253418,-31.68575668334961,113.89653778076172,46.059993743896484,28.366657257080078,8.632882118225098,12.168490409851074,6.4450178146362305,6.311563014984131,7.743867874145508,7.500063419342041,11.74889850616455,6.744626998901367,4.936818599700928,9.874639511108398,1.7129181623458862,10.097914695739746,2.836682081222534,-0.6036139726638794,-1.4135760068893433,-0.8153045773506165,1.0651419162750244,0.8723580837249756,-0.7225133776664734,-0.07782474905252457,0.6352322101593018,-0.7162161469459534,-0.5704794526100159,0,Buka15_pitch_-1.0.wav
549.7165801185378,1227.2171455136884,1433.0,5734.0,-0.17972490191459656,0.15282519161701202,0.00013950892857142856,0.00027901785714285713,0.0004185267857142857,0.0005580357142857143,0.0006975446428571429,0.0008370535714285714,0.0009765625,0.0011160714285714285,0.0012555803571428572,0.0013950892857142857,0.9980753998036788,-0.04720176160335543,0.21852854639291763,1.4306300562576544,1.0,9.397841343805953e-05,0.18489248507346306,-4.4978623918723315e-06,0.1108545423085161,-0.9040032029151917,1.9040032029151917,0.27693026398407067,0.36438411650445274,0.2769302480379218,0.0766903622783449,-156.3693084716797,115.31758880615234,-65.60646057128906,-32.70097351074219,-33.58689498901367,-5.55537748336792,4.765556812286377,-21.324302673339844,10.059200286865234,-17.60689353942871,3.590463876724243,0.8552270531654358,-34.15608215332031,112.97589111328125,47.79186248779297,25.344926834106445,7.4263834953308105,10.551352500915527,9.334421157836914,4.832640647888184,12.973764419555664,6.472871780395508,10.350163459777832,4.586165428161621,3.177985191345215,9.366033554077148,0.6549643278121948,10.075275421142578,3.221592664718628,0.5095599889755249,-1.5700297355651855,-0.9549943208694458,0.12387052178382874,1.99749755859375,-0.4556888937950134,0.13701555132865906,0.17558792233467102,-0.23115400969982147,-0.5493745803833008,0,Buka15_pitch_-2.0.wav
646.4334155038307,1443.1330609824602,1433.0,5734.0,-0.2056497186422348,0.1770143359899521,0.00013950892857142856,0.00027901785714285713,0.0004185267857142857,0.0005580357142857143,0.0006975446428571429,0.0008370535714285714,0.0009765625,0.0011160714285714285,0.0012555803571428572,0.0013950892857142857,0.9979439895384811,-0.02853022813796996,0.24402186833322048,0.9249258206906861,1.0,0.00013216849050884445,0.20433953741439778,-3.3271206120844e-05,0.12174720253278792,-0.8700549602508545,1.8700549602508545,0.30030523337049675,0.35806214699601435,0.3003052042859042,0.09018321572119865,-141.14573669433594,97.65351104736328,-89.4328842163086,-25.98187255859375,-29.983551025390625,17.518978118896484,-18.312673568725586,-3.729424476623535,-1.8608719110488892,-13.593459129333496,6.163268566131592,-32.634220123291016,11.589948654174805,102.77667236328125,44.41178894042969,21.964609146118164,11.488938331604004,12.522598266601562,4.569534778594971,8.233546257019043,2.6072487831115723,6.252524375915527,6.354766845703125,7.393265247344971,9.61464786529541,3.4710233211517334,0.7143030762672424,9.32937240600586,3.1172399520874023,-1.100353717803955,-1.3394516706466675,-0.41787463426589966,1.6757218837738037,-0.11247764527797699,-0.5283151268959045,0.5647844672203064,-0.2790951728820801,-0.02646249160170555,0.15788516402244568,0,Buka15_pitch_1.0.wav
542.8450247364373,1211.876712122645,1433.0,5734.0,-0.1843237429857254,0.15769311785697937,0.00013950892857142856,0.00027901785714285713,0.0004185267857142857,0.0005580357142857143,0.0006975446428571429,0.0008370535714285714,0.0009765625,0.0011160714285714285,0.0012555803571428572,0.0013950892857142857,0.9977596556238362,-0.018797808885574363,0.22074313275516033,1.026889956378633,1.0,-4.723448486971052e-05,0.18617049468633048,-2.8912347715959186e-06,0.10992440994800745,-0.8523596525192261,1.852359652519226,0.2751939820950142,0.33869827779366746,0.2751939780413344,0.07573172555021444,-141.6239471435547,86.6241455078125,-91.37667846679688,-26.73354721069336,-25.112443923950195,17.254737854003906,-23.67279624938965,-0.7435823082923889,-10.3792142868042,-8.955577850341797,-1.9069924354553223,-28.080801010131836,25.13518524169922,100.39140319824219,42.81367874145508,19.060646057128906,11.270179748535156,11.58878231048584,4.673125743865967,10.516229629516602,6.3158698081970215,9.580763816833496,7.71243143081665,5.51043701171875,10.710391998291016,5.16213321685791,0.9828974604606628,8.989178657531738,2.578253746032715,-1.5600202083587646,-1.4702571630477905,0.0014170169597491622,1.920685887336731,-0.7275556921958923,-0.5268962979316711,0.8258781433105469,-0.42191460728645325,-0.10424013435840607,-0.3188081383705139,0,Buka15_pitch_2.0.wav
715.9025598454961,1398.4178925073784,1638.0,6553.0,-0.20113830268383026,0.1787198930978775,0.0001220703125,0.000244140625,0.0003662109375,0.00048828125,0.0006103515625,0.000732421875,0.0008544921875,0.0009765625,0.0010986328125,0.001220703125,1.0,-0.08054981529712679,0.2550161387771368,0.9375815508920966,1.0,-7.953254429874252e-05,0.20242604978814346,-8.216200149036013e-05,0.12685708401477314,-0.9646360278129578,1.9646360278129578,0.2956187565089361,0.3393667533000975,0.2956187458103157,0.08739044287446406,-146.94712829589844,105.14106750488281,-83.71273803710938,-27.165950775146484,-35.199886322021484,12.729395866394043,-12.206609725952148,-10.034997940063477,2.123126745223999,-16.896921157836914,10.576170921325684,-26.318315505981445,-12.355735778808594,93.94957733154297,43.03640365600586,24.591604232788086,11.38676643371582,12.208622932434082,6.179513454437256,7.304781913757324,4.814311504364014,7.163576602935791,8.093618392944336,7.924193382263184,6.082199573516846,5.001651763916016,-3.466637372970581,6.587897777557373,3.3771626949310303,0.004507170058786869,-0.4379475712776184,-0.6126453280448914,1.407593011856079,0.32322216033935547,-0.6647725105285645,0.5475053787231445,0.5545312166213989,-0.3970029652118683,-0.15448623895645142,0,Buka15_stretch_0.85.wav
356.8167120740863,857.8613663689528,1331.0,5324.0,-0.1288638710975647,0.11652597039937973,0.00015024038461538462,0.00030048076923076925,0.00045072115384615387,0.0006009615384615385,0.0007512019230769231,0.0009014423076923077,0.0010516826923076923,0.001201923076923077,0.0013521634615384615,0.0015024038461538462,0.9998817045803533,-0.006731927394866943,0.14794068224728107,3.530603094826006,1.0,-0.0006832585969286381,0.14476623796927435,-0.00018886482575908303,0.07216684520244598,-0.8304216861724854,1.8304216861724854,0.2315346195695315,0.5894602194907795,0.2315336114193734,0.0536078132168974,-158.5471954345703,97.40946197509766,-70.08795928955078,-34.81898880004883,-31.846965789794922,11.933428764343262,-10.387191772460938,-9.428959846496582,-2.088498592376709,-8.195732116699219,4.252442359924316,-21.96312141418457,-8.020853996276855,108.55464935302734,55.1783447265625,22.17120933532715,7.510402679443359,11.080832481384277,4.367629051208496,7.4893412590026855,4.2925310134887695,4.538547992706299,11.824126243591309,9.311437606811523,7.415798187255859,5.421799659729004,-7.237069129943848,13.192177772521973,3.090977191925049,0.8497179746627808,-0.7705651521682739,-0.5627478361129761,1.6990405321121216,0.20320360362529755,-0.6644697189331055,-0.8259679079055786,1.5840469598770142,-0.6904822587966919,-0.3686496317386627,0,Buka15_stretch_1.15.wav
1300.7837977444829,1355.0713434410916,3072.0,12288.0,-0.19400499761104584,0.14629755914211273,6.510416666666667e-05,0.00013020833333333333,0.0001953125,0.00026041666666666666,0.0003255208333333333,0.000390625,0.0004557291666666667,0.0005208333333333333,0.0005859375,0.0006510416666666666,0.9999999999999999,-0.08855364322662351,0.2292505707591772,1.4529410702677792,1.0,5.503523876022598e-05,0.1985477726778391,-0.012754011899232864,0.11837158352136612,-0.9791884422302246,1.9791884422302246,0.2910093558043391,0.7375869160052565,0.2910093506002495,0.08468644213677894,-160.90032958984375,126.85442352294922,-12.68094539642334,2.2853689193725586,-33.30708694458008,-2.939998149871826,-7.898867130279541,-20.168848037719727,-7.435353755950928,-3.6348605155944824,18.986690521240234,-11.515379905700684,-18.640146255493164,72.773681640625,22.732236862182617,44.51709747314453,14.669726371765137,21.836912155151367,14.785530090332031,11.290311813354492,7.729114055633545,8.865815162658691,6.607598304748535,16.754709243774414,5.169209003448486,8.257342338562012,-1.9346048831939697,-1.014858365058899,-0.9069414734840393,-1.8883013725280762,-0.9021769165992737,-0.1285076141357422,0.6219529509544373,-0.11804787814617157,0.14303117990493774,0.36253592371940613,0.3696072995662689,0.06081424281001091,0.12210985273122787,0,Buka1_noise_0.003.wav
1286.5243366718087,1340.2167710625001,3072.0,12288.0,-0.19290165603160858,0.14529243111610413,6.510416666666667e-05,0.00013020833333333333,0.0001953125,0.00026041666666666666,0.0003255208333333333,0.000390625,0.0004557291666666667,0.0005208333333333333,0.0005859375,0.0006510416666666666,0.9999531856771151,-0.08649886548519137,0.22862794063985348,1.4520795129052573,1.0,4.9399091169355945e-05,0.19755394892841072,-0.012690970674157143,0.11789589188992977,-0.9754524827003479,1.975452482700348,0.28940990797725674,0.7374175952946498,0.28940990376131565,0.08375809239513399,-140.52085876464844,106.1147232055664,-2.0962975025177,-2.5266337394714355,-28.552387237548828,-3.315934181213379,-9.553894996643066,-16.693777084350586,-10.097267150878906,0.456202894449234,14.993582725524902,-8.989906311035156,-18.378812789916992,64.23194885253906,23.502843856811523,41.520782470703125,14.722189903259277,19.750261306762695,12.944512367248535,9.350419044494629,5.876183032989502,7.998830318450928,6.054824352264404,16.199743270874023,4.596404075622559,8.299737930297852,-1.3614014387130737,-1.1666232347488403,-1.1033655405044556,-1.722822904586792,-0.875085711479187,0.009260961785912514,0.5083645582199097,0.00544516509398818,0.32005369663238525,0.39155614376068115,0.17311403155326843,0.22046759724617004,0.0480504110455513,0,Buka1_noise_0.008.wav
660.8480518954168,688.4282069357815,3072.0,12288.0,-0.13542330265045166,0.12583723664283752,6.510416666666667e-05,0.00013020833333333333,0.0001953125,0.00026041666666666666,0.0003255208333333333,0.000390625,0.0004557291666666667,0.0005208333333333333,0.0005859375,0.0006510416666666666,0.9999999999999999,-0.004641816020011902,0.17303381860256195,1.546273930939809,0.8097421526908875,-4.26690095200688e-05,0.14256614217168534,-0.002539947861805558,0.08731694519519806,-1.0,1.8097421526908875,0.2074221823044517,0.07947951343789667,0.20742217791571088,0.04302395989129682,-212.91824340820312,148.60072326660156,-19.05085563659668,9.052611351013184,-29.99597930908203,-9.698366165161133,1.0875780582427979,-28.939205169677734,-3.0585458278656006,-11.707770347595215,22.066905975341797,-0.04622168093919754,-20.77899169921875,73.68037414550781,19.529953002929688,46.06837844848633,13.360631942749023,19.513763427734375,20.16356086730957,12.496842384338379,10.030733108520508,6.382750511169434,8.728647232055664,15.587681770324707,5.052484035491943,11.907744407653809,-2.791398525238037,-0.5759034156799316,-0.6671643257141113,-1.6877135038375854,-0.5612037777900696,-0.10606654733419418,0.4879514276981354,-0.16553017497062683,0.019090721383690834,0.6343820691108704,0.45188260078430176,0.03782817721366882,0.06671831756830215,0,Buka1_pitch_-1.0.wav
1070.2681138864498,1114.9352055591637,3072.0,12288.0,-0.15884798765182495,0.1792435646057129,6.510416666666667e-05,0.00013020833333333333,0.0001953125,0.00026041666666666666,0.0003255208333333333,0.000390625,0.0004557291666666667,0.0005208333333333333,0.0005859375,0.0006510416666666666,0.9999906371354229,0.07193882167339316,0.22571475990116596,1.5714211122133683,0.9489796757698059,-3.615457898990352e-06,0.18107420749551598,0.00240470957942307,0.11259456840343773,-1.0,1.948979675769806,0.2639676375324869,-0.16168266322516964,0.2639676375077272,0.06967891365141088,-191.42333984375,144.3725128173828,-8.848636627197266,8.410264015197754,-23.02368927001953,-20.899768829345703,10.458250999450684,-30.24087905883789,-4.165338039398193,-21.742952346801758,14.759419441223145,14.584610939025879,-18.224817276000977,72.77754211425781,14.026748657226562,47.9218864440918,13.999032974243164,24.553152084350586,22.343862533569336,10.07817554473877,11.37540340423584,4.44988489151001,10.160155296325684,13.253560066223145,16.488447189331055,14.628328323364258,-2.340301990509033,-0.6464604139328003,-0.57217937707901,-1.6908340454101562,-1.4051645994186401,-0.5825693607330322,0.12830224633216858,0.005392920691519976,-0.5056017637252808,0.471652626991272,0.27438855171203613,0.5340756177902222,0.05918261408805847,0,Buka1_pitch_-2.0.wav
794.8892961868202,801.3501820294324,3174.0,12697.0,-0.13597409427165985,0.1333201378583908,6.300403225806451e-05,0.00012600806451612903,0.00018901209677419354,0.00025201612903225806,0.00031502016129032257,0.0003780241935483871,0.0004410282258064516,0.0005040322580645161,0.0005670362903225807,0.0006300403225806451,0.9999909698801915,-0.05798715651035308,0.17327054031193256,1.0607545912158063,1.0,4.7069955223787106e-05,0.15299737699910435,-0.0005049266619607806,0.08676696568727493,-0.9236130118370056,1.9236130118370056,0.2237883617584807,0.06001667611305395,0.22378835680831102,0.05008122864296393,-199.99598693847656,137.6605224609375,-27.772809982299805,8.173954963684082,-39.299461364746094,5.371881484985352,-14.616345405578613,-19.257375717163086,-3.590578079223633,-0.19714826345443726,20.94611167907715,-26.919336318969727,-7.312041282653809,74.97726440429688,27.145788192749023,39.77983093261719,16.528600692749023,23.571895599365234,14.128491401672363,11.650016784667969,10.490528106689453,10.896005630493164,9.676769256591797,15.903653144836426,16.20958137512207,5.643901348114014,-1.6811341047286987,-0.019338607788085938,-1.0250022411346436,-2.2922608852386475,-0.7707801461219788,-0.07529705762863159,0.6729158163070679,-0.34369197487831116,0.29754507541656494,0.26456302404403687,0.12370841205120087,-0.06517404317855835,0.15767836570739746,0,Buka1_pitch_1.0.wav
662.7133580519803,690.3713606896077,3072.0,12288.0,-0.13738757371902466,0.13712359964847565,6.510416666666667e-05,0.00013020833333333333,0.0001953125,0.00026041666666666666,0.0003255208333333333,0.000390625,0.0004557291666666667,0.0005208333333333333,0.0005859375,0.0006510416666666666,0.9999812742708459,-0.01619202196598052,0.18619553558528423,1.2542676012185998,1.0,-3.170936166339011e-05,0.14479416593555328,-0.0014231373788788915,0.0937105044722557,-0.8476218581199646,1.8476218581199646,0.20771471039587558,0.17621371302663527,0.20771470797552793,0.043145399909358846,-207.19004821777344,127.57066345214844,-26.89865493774414,0.3433147072792053,-40.74632263183594,4.401569843292236,-21.06862449645996,-13.09716796875,-1.4927109479904175,3.134239912033081,2.24902081489563,-31.480308532714844,3.5603597164154053,74.12039184570312,33.274513244628906,41.65168762207031,16.71399688720703,23.223438262939453,12.569493293762207,10.242066383361816,10.737048149108887,12.132421493530273,13.930830955505371,7.076750755310059,15.469230651855469,10.182655334472656,-2.789090871810913,-1.301669716835022,-1.2250733375549316,-2.2211194038391113,-0.7021510004997253,0.3187102973461151,0.49083954095840454,-0.13354122638702393,0.5524401068687439,0.7758793830871582,0.3130423426628113,0.0038019302301108837,-0.0008888936717994511,0,Buka1_pitch_2.0.wav
678.3598078713705,588.8859489958184,3686.0,14745.0,-0.118091881275177,0.12556912004947662,5.425347222222222e-05,0.00010850694444444444,0.00016276041666666666,0.00021701388888888888,0.0002712673611111111,0.0003255208333333333,0.00037977430555555556,0.00043402777777777775,0.00048828125,0.0005425347222222222,0.9999999999999999,-0.058298033475875866,0.16015918366611004,1.5208215334078004,1.0,4.47788541678583e-06,0.13149036051824808,0.0023554995423182845,0.08006936532910913,-0.9241782426834106,1.9241782426834106,0.191842057414482,-0.17356357497011726,0.19184205736222165,0.03680337497296995,-213.4022979736328,139.46824645996094,-29.14344596862793,11.939271926879883,-35.88810348510742,-0.06492810696363449,-3.418022632598877,-25.098743438720703,-2.3768973350524902,-8.23501205444336,25.773557662963867,-14.244927406311035,-17.810157775878906,72.67647552490234,24.114816665649414,46.268898010253906,15.028377532958984,19.944427490234375,19.634654998779297,15.648170471191406,10.570563316345215,12.239794731140137,7.752765655517578,16.843547821044922,7.088778972625732,10.641453742980957,-1.158146858215332,0.35484278202056885,-0.6198551058769226,-1.8683525323867798,-0.8665106296539307,-0.4608146548271179,0.7862585186958313,-0.34937408566474915,0.2401568442583084,0.009709486737847328,0.1837013214826584,0.026012420654296875,0.17052805423736572,0,Buka1_stretch_0.85.wav
589.3710696871057,682.1917901319316,2764.0,11059.0,-0.10969425737857819,0.11548665165901184,7.233796296296296e-05,0.00014467592592592592,0.00021701388888888888,0.00028935185185185184,0.0003616898148148148,0.00043402777777777775,0.0005063657407407407,0.0005787037037037037,0.0006510416666666666,0.0007233796296296296,0.9999894818532028,-0.03303104937076573,0.14472450874745846,1.8716507187345863,0.758125364780426,-3.96036846343052e-05,0.13573994136950798,0.0017319494509138167,0.07231589406728745,-1.0,1.758125364780426,0.20647978741384765,-0.06894901683262661,0.20647978361577163,0.04263390104201587,-216.22447204589844,139.38833618164062,-16.769533157348633,7.59694242477417,-34.255977630615234,-2.778425455093384,-4.116826057434082,-20.959199905395508,-3.24096417427063,-7.881607532501221,21.2451171875,-19.092529296875,-18.750577926635742,74.4915771484375,26.53561782836914,41.8330192565918,15.21951961517334,21.289304733276367,17.03226661682129,15.762596130371094,8.901568412780762,10.824427604675293,7.504169940948486,15.875936508178711,8.310617446899414,7.914519786834717,-2.597411632537842,-0.7747212648391724,-0.4560902416706085,-2.1980268955230713,-0.6634812951087952,-0.15109597146511078,0.4769512712955475,-0.0983586385846138,0.1808936893939972,0.6754440069198608,0.32632869482040405,0.1789884865283966,0.11869346350431442,0,Buka1_stretch_1.15.wav
932.7216094361454,1388.1076877479609,2150.0,8601.0,-0.19199930131435394,0.15805384516716003,9.300595238095238e-05,0.00018601190476190475,0.00027901785714285713,0.0003720238095238095,0.0004650297619047619,0.0005580357142857143,0.0006510416666666666,0.000744047619047619,0.0008370535714285714,0.0009300595238095238,0.9999861105513786,-0.09933310449123384,0.23402651213109493,1.4504718366137412,1.0,0.0008550558476520346,0.200200718462914,-0.005328896921128035,0.11799197271466255,-0.9987874627113342,1.9987874627113342,0.2945312574106582,0.41885658226952166,0.29453001624860037,0.0867479304714008,-118.23422241210938,132.10733032226562,-33.22011947631836,-17.130395889282227,-27.463464736938477,11.62164306640625,-15.655511856079102,-17.812421798706055,-8.788252830505371,-1.702812671661377,9.138082504272461,-21.132352828979492,-14.385208129882812,92.3027114868164,32.9755744934082,45.56351089477539,23.16543960571289,24.82398796081543,13.914655685424805,10.712224006652832,5.0339531898498535,11.993241310119629,6.519377708435059,8.397706985473633,11.311808586120605,5.393255710601807,-0.4126000702381134,-1.3113561868667603,-2.319843292236328,-3.39481520652771,-0.6583556532859802,1.4486268758773804,0.37422695755958557,0.42244264483451843,-0.034397657960653305,1.0350826978683472,0.4348222017288208,-1.0021473169326782,0.2676372230052948,0,Buka2_noise_0.003.wav
934.6574437672618,1390.9886615455484,2150.0,8601.0,-0.191597580909729,0.1577930748462677,9.300595238095238e-05,0.00018601190476190475,0.00027901785714285713,0.0003720238095238095,0.0004650297619047619,0.0005580357142857143,0.0006510416666666666,0.000744047619047619,0.0008370535714285714,0.0009300595238095238,0.9999861105513785,-0.09731448590755465,0.23491193540394306,1.452254285689743,1.0,0.0008131249054521561,0.2005161535254724,-0.005010577151551843,0.1180255115032196,-0.9951172471046448,1.9951172471046448,0.29483674416110456,0.41818710577931195,0.2948356229077633,0.08692804453540878,-101.33334350585938,114.45337677001953,-23.681373596191406,-20.288097381591797,-25.34576416015625,9.78915023803711,-14.493790626525879,-16.178010940551758,-10.783929824829102,1.1863676309585571,6.890086650848389,-19.429479598999023,-14.09757137298584,82.26895141601562,30.489837646484375,48.00432205200195,21.801633834838867,23.853612899780273,12.598559379577637,10.297141075134277,6.370400905609131,10.655816078186035,5.525343418121338,8.362456321716309,10.919892311096191,5.629674434661865,-0.01477328222244978,-1.5894107818603516,-2.553907632827759,-2.9549787044525146,-0.5596399903297424,1.2626179456710815,0.4645503759384155,0.374315083026886,0.18836931884288788,0.845343828201294,0.4514704644680023,-0.6500501036643982,0.07974755018949509,0,Buka2_noise_0.008.wav
462.8633075601217,723.2945522963128,2048.0,8192.0,-0.1431213766336441,0.14425703883171082,9.765625e-05,0.0001953125,0.00029296875,0.000390625,0.00048828125,0.0005859375,0.00068359375,0.00078125,0.00087890625,0.0009765625,0.9999706780432069,0.06205527484416962,0.20335679687559605,1.2800015907471538,0.9310095906257629,0.00043192003831418193,0.15057273022005785,0.0004070761351613328,0.10171124960470479,-1.0,1.931009590625763,0.2126064318851105,0.021784113444211124,0.2126059931516481,0.045201308323998636,-158.60211181640625,148.14895629882812,-35.43138885498047,-14.032651901245117,-32.74600601196289,9.232105255126953,-6.493479251861572,-26.14626693725586,-6.931721210479736,-16.152360916137695,14.651811599731445,-12.732938766479492,-21.87923812866211,92.29610443115234,32.647422790527344,42.87809371948242,24.310659408569336,25.659826278686523,13.48418140411377,10.537491798400879,4.578859329223633,10.216836929321289,6.2862982749938965,9.129292488098145,6.8447794914245605,11.508370399475098,2.2874889373779297,0.1636570692062378,-2.963864326477051,-3.7497494220733643,-2.3847949504852295,1.0424230098724365,0.41236045956611633,0.20865261554718018,-0.3379589319229126,0.2387509047985077,1.2926900386810303,-1.076028823852539,-0.737076461315155,0,Buka2_pitch_-1.0.wav
515.6833893288971,767.4573741291372,2150.0,8601.0,-0.1455862671136856,0.14224392175674438,9.300595238095238e-05,0.00018601190476190475,0.00027901785714285713,0.0003720238095238095,0.0004650297619047619,0.0005580357142857143,0.0006510416666666666,0.000744047619047619,0.0008370535714285714,0.0009300595238095238,0.9999999999999998,0.007511469721794117,0.20493238233029842,1.5981581245715848,1.0,0.0006561462383015428,0.1523077664623105,-0.0022567278938367963,0.10247725993394852,-0.8045246005058289,1.8045246005058289,0.21900142636880593,0.19170751791361224,0.21900044343262295,0.047961194223685485,-165.0554656982422,147.07986450195312,-23.818323135375977,-15.24417495727539,-26.507875442504883,1.8837943077087402,5.675246715545654,-29.084794998168945,-2.980595350265503,-20.072246551513672,15.147330284118652,1.840518593788147,-24.31670570373535,96.80054473876953,31.05427360534668,44.99843215942383,21.63357162475586,25.114471435546875,14.697360038757324,10.316702842712402,6.582369804382324,9.38822078704834,10.60129451751709,10.97005558013916,6.39050817489624,17.491655349731445,-1.125320315361023,-0.35350683331489563,-2.692345142364502,-2.8314549922943115,-1.650727391242981,1.3438235521316528,0.037328485399484634,0.39933979511260986,-0.4284370243549347,0.5670821070671082,1.3374701738357544,0.3355700671672821,-1.2056922912597656,0,Buka2_pitch_-2.0.wav
496.90705427644514,739.5138004300179,2150.0,8601.0,-0.12846367061138153,0.12467671930789948,9.300595238095238e-05,0.00018601190476190475,0.00027901785714285713,0.0003720238095238095,0.0004650297619047619,0.0005580357142857143,0.0006510416666666666,0.000744047619047619,0.0008370535714285714,0.0009300595238095238,0.9999999999999998,0.057889366149902255,0.17578120157122612,2.4198107215104425,0.9234352111816406,-0.00062910768801604,0.14425080881136645,0.0013360726879909635,0.08813092589844018,-1.0,1.9234352111816406,0.21497747283795662,-0.014086497892865188,0.2149765523291116,0.04621491805131125,-143.54498291015625,136.85337829589844,-48.30913162231445,-14.113533973693848,-30.49860382080078,17.141563415527344,-26.588476181030273,-13.10312557220459,-7.080456733703613,2.0238471031188965,2.70965313911438,-28.789152145385742,2.1531715393066406,98.26235961914062,36.93047332763672,39.66383361816406,24.527856826782227,22.025400161743164,12.236665725708008,9.579977035522461,2.8582053184509277,10.617317199707031,11.170988082885742,5.561283588409424,11.749602317810059,12.617362022399902,-1.3107044696807861,-1.1006793975830078,-2.8052961826324463,-3.262167453765869,0.10018513351678848,1.4962791204452515,0.5394084453582764,-0.11242031306028366,0.20372657477855682,0.9352445602416992,-0.08758670836687088,-1.0416070222854614,1.2362293004989624,0,Buka2_pitch_1.0.wav
446.38728316692936,664.3285769389704,2150.0,8601.0,-0.12742958962917328,0.12274208664894104,9.300595238095238e-05,0.00018601190476190475,0.00027901785714285713,0.0003720238095238095,0.0004650297619047619,0.0005580357142857143,0.0006510416666666666,0.000744047619047619,0.0008370535714285714,0.0009300595238095238,0.9999583316541364,0.04532420635223389,0.17520711570978165,2.0844822427685683,0.9005894660949707,-0.0006765707346802618,0.13835796562405459,0.0004521169466897845,0.08743952959775925,-1.0,1.9005894660949707,0.20375640947387677,-0.020121023381070437,0.20375528619824104,0.041516216653727116,-158.2024383544922,130.12351989746094,-47.543888092041016,-16.883995056152344,-24.83580207824707,14.19857120513916,-29.3515682220459,-6.826355457305908,-5.146413803100586,4.281110763549805,-9.235407829284668,-28.037675857543945,10.566802978515625,99.59346008300781,39.467002868652344,41.63700866699219,22.801454544067383,22.024173736572266,12.769233703613281,12.14521312713623,4.4075798988342285,9.288837432861328,12.72986125946045,7.065053462982178,9.715871810913086,16.27972412109375,-0.8212404847145081,-1.4069050550460815,-2.830789089202881,-2.9571619033813477,1.0737318992614746,1.2555829286575317,-0.039861276745796204,0.2780350148677826,0.2717953026294708,1.1860359907150269,-0.4007616937160492,-0.12058617919683456,1.1614632606506348,0,Buka2_pitch_2.0.wav
613.4154254417331,798.7830070047797,2457.0,9830.0,-0.14144167304039001,0.14124447107315063,8.138020833333333e-05,0.00016276041666666666,0.000244140625,0.0003255208333333333,0.0004069010416666667,0.00048828125,0.0005696614583333334,0.0006510416666666666,0.000732421875,0.0008138020833333334,0.9999880190750131,-0.04155876934528352,0.1941402480006218,1.3646055973384668,1.0,0.0008627851005751178,0.1545740628828781,0.0006557369488291442,0.09714386612176895,-0.8937432169914246,1.8937432169914246,0.22342756123032032,0.01561765981184526,0.22342589536398588,0.04991913071919877,-153.1790771484375,140.95523071289062,-43.258514404296875,-10.170738220214844,-29.968280792236328,15.32415771484375,-19.090225219726562,-19.908042907714844,-7.910093307495117,-4.534393310546875,12.336631774902344,-21.87636947631836,-12.378876686096191,91.89427947998047,36.704898834228516,43.96674346923828,25.41215705871582,24.610368728637695,13.759672164916992,10.984336853027344,5.03763484954834,13.324129104614258,6.877164363861084,7.22654390335083,11.085094451904297,6.345088005065918,0.12190642952919006,1.2096281051635742,-1.9282009601593018,-2.9041435718536377,-0.9824806451797485,0.5315594673156738,0.41705217957496643,0.11576232314109802,0.39439675211906433,0.7871019244194031,0.5979587435722351,-1.004770040512085,0.01025655772536993,0,Buka2_stretch_0.85.wav
435.8833524179797,756.8240519465736,1843.0,7372.0,-0.14601723849773407,0.14043809473514557,0.00010850694444444444,0.00021701388888888888,0.0003255208333333333,0.00043402777777777775,0.0005425347222222222,0.0006510416666666666,0.0007595486111111111,0.0008680555555555555,0.0009765625,0.0010850694444444445,1.0,-0.01523545980453489,0.19881997257471085,1.4469857854353902,1.0,-0.00036181282594762966,0.1517322360381478,0.002704851096495986,0.0989729871507734,-0.8458826541900635,1.8458826541900635,0.2174772877913368,0.01868607146987375,0.2174769868205712,0.0472962397965549,-154.13461303710938,144.3778076171875,-40.21308135986328,-10.990757942199707,-33.773948669433594,14.822996139526367,-17.486732482910156,-19.89206314086914,-8.969481468200684,-2.5237081050872803,12.099608421325684,-26.08135414123535,-14.041261672973633,96.12611389160156,34.070343017578125,41.543312072753906,26.678091049194336,22.713045120239258,12.937893867492676,11.417193412780762,4.731358051300049,12.954211235046387,6.486229419708252,8.737277030944824,10.328014373779297,5.229429721832275,3.2525157928466797,-0.525415301322937,-3.2996857166290283,-3.7621278762817383,-1.2486677169799805,1.6969513893127441,0.41603314876556396,0.057379577308893204,-0.28127238154411316,0.5667263865470886,1.349734902381897,-1.4553228616714478,0.04715719819068909,0,Buka2_stretch_1.15.wav
1125.6130729001989,1256.3522264669118,2867.0,11468.0,-0.18635840713977814,0.11711636930704117,6.975446428571428e-05,0.00013950892857142856,0.00020926339285714285,0.00027901785714285713,0.00034877232142857144,0.0004185267857142857,0.00048828125,0.0005580357142857143,0.0006277901785714286,0.0006975446428571429,1.0000000000000002,-0.08759544193744662,0.20324156153947115,1.6894574222484486,1.0,-0.0006656421490279706,0.1874783108675527,-0.009610745590180159,0.10639653727412224,-0.9774462580680847,1.9774462580680847,0.2802080243197008,0.8041284894025837,0.2802072336926359,0.07851609381367945,-167.3972930908203,132.60157775878906,-3.613804340362549,3.0756142139434814,-25.401832580566406,-0.03731980919837952,-17.606243133544922,-22.45747184753418,-8.375419616699219,1.6773253679275513,18.6754093170166,-16.758989334106445,-14.386173248291016,70.488037109375,24.84900665283203,38.964317321777344,12.805054664611816,16.805130004882812,14.959985733032227,13.564573287963867,9.258179664611816,9.032041549682617,8.969466209411621,20.464550018310547,8.573966979980469,6.74968147277832,-2.6596505641937256,-1.4671012163162231,-0.8257955312728882,-1.2414319515228271,-0.2310911864042282,0.3748360872268677,0.40075114369392395,-0.34298503398895264,-0.03309322148561478,0.5602838397026062,0.41992539167404175,0.10912095755338669,0.33885836601257324,0,Buka3_noise_0.003.wav
1134.1655463097663,1265.8980635476987,2867.0,11468.0,-0.18635378777980804,0.117502361536026,6.975446428571428e-05,0.00013950892857142856,0.00020926339285714285,0.00027901785714285713,0.00034877232142857144,0.0004185267857142857,0.00048828125,0.0005580357142857143,0.0006277901785714286,0.0006975446428571429,0.999979792084819,-0.09141982197761533,0.20467854384332895,1.6889924798106808,1.0,-0.0006405538310953652,0.18837262544226085,-0.010237140581011772,0.10669735260307789,-0.984399676322937,1.984399676322937,0.2812705283070948,0.8042302185672288,0.2812697989207901,0.0791126997849417,-144.52346801757812,111.27676391601562,5.401302814483643,0.24506591260433197,-21.337154388427734,-2.0132529735565186,-17.643035888671875,-18.807130813598633,-11.061321258544922,5.193586826324463,15.104503631591797,-12.876506805419922,-14.549745559692383,60.728694915771484,25.293405532836914,36.4035530090332,13.657198905944824,15.44851016998291,13.709449768066406,11.978998184204102,8.644576072692871,7.198325157165527,9.412075996398926,20.124698638916016,8.218453407287598,5.962889671325684,-2.171846866607666,-1.6892650127410889,-0.897042453289032,-0.9335364699363708,-0.31705960631370544,0.32717078924179077,0.4707154333591461,-0.15925173461437225,-0.043385498225688934,0.4042447507381439,0.46603330969810486,0.2506134510040283,0.1944337785243988,0,Buka3_noise_0.008.wav
756.6079033564586,844.4873703315895,2867.0,11468.0,-0.16163207590579987,0.15386340022087097,6.975446428571428e-05,0.00013950892857142856,0.00020926339285714285,0.00027901785714285713,0.00034877232142857144,0.0004185267857142857,0.00048828125,0.0005580357142857143,0.0006277901785714286,0.0006975446428571429,0.9999898960424096,-0.05256449580192568,0.2265281267464161,1.3336979307385022,1.0,0.0005781623674757724,0.1616516978542986,-0.0005654424894601107,0.1137427210342139,-0.9137536287307739,1.913753628730774,0.2297319720303799,0.28840389512670905,0.22973124450375507,0.05277644470124409,-210.05313110351562,149.8607177734375,-5.0888566970825195,10.011908531188965,-22.092527389526367,-3.4640650749206543,-5.965889930725098,-29.588241577148438,-4.0515851974487305,-11.497992515563965,23.81095314025879,-4.203010082244873,-23.6882266998291,74.4002914428711,18.54606056213379,40.94906997680664,12.514975547790527,16.218120574951172,20.370187759399414,14.111647605895996,9.717381477355957,9.956375122070312,7.490974426269531,20.209136962890625,11.149638175964355,14.68741512298584,-3.558838129043579,-1.0592153072357178,-0.8928078413009644,-1.2372905015945435,-0.27957671880722046,0.23701204359531403,0.6431598663330078,-0.16345179080963135,-0.15129967033863068,0.20522817969322205,0.4640357792377472,0.09124194830656052,0.061523567885160446,0,Buka3_pitch_-1.0.wav
1131.6332380601305,1309.8554444738543,2764.0,11059.0,-0.19567665457725525,0.17312149703502655,7.233796296296296e-05,0.00014467592592592592,0.00021701388888888888,0.00028935185185185184,0.0003616898148148148,0.00043402777777777775,0.0005063657407407407,0.0005787037037037037,0.0006510416666666666,0.0007233796296296296,0.9999999999999999,-0.015410289168357849,0.26235746406018734,1.1278820510158516,1.0,-0.00035755002494464584,0.2006004278347893,-0.005247795721516013,0.13213440193794668,-0.8462005257606506,1.8462005257606506,0.2861119418382455,0.505656691334136,0.2861117184255675,0.08185991542043122,-201.43319702148438,151.7547149658203,2.2522900104522705,9.573163032531738,-18.04487419128418,-14.296365737915039,1.74648118019104,-34.22307586669922,-6.179869174957275,-21.767772674560547,15.535496711730957,11.83899211883545,-23.198516845703125,67.45199584960938,14.013740539550781,45.87248229980469,12.646097183227539,20.127248764038086,25.13767433166504,11.330893516540527,9.032389640808105,9.723609924316406,12.109395980834961,13.278064727783203,20.563901901245117,14.223686218261719,-1.9440542459487915,-0.3283061683177948,-1.2527610063552856,-1.2765719890594482,-1.176344633102417,0.08143167942762375,0.3082396388053894,-0.25986403226852417,-0.46320223808288574,0.18202312290668488,0.8657590746879578,0.7998735308647156,-0.7486313581466675,0,Buka3_pitch_-2.0.wav
765.4301605648216,885.9786275799136,2764.0,11059.0,-0.13686877489089966,0.12842300534248352,7.233796296296296e-05,0.00014467592592592592,0.00021701388888888888,0.00028935185185185184,0.0003616898148148148,0.00043402777777777775,0.0005063657407407407,0.0005787037037037037,0.0006510416666666666,0.0007233796296296296,0.9999789637064056,0.03965905904769895,0.18669542483985424,2.8923549683094203,1.0,0.00048823696633932255,0.1550589214016679,-0.0003800519625656307,0.09351957001490518,-0.7460744380950928,1.7460744380950928,0.23530758297528973,0.5766194633757432,0.2353070764561439,0.05536942023033755,-201.90086364746094,146.13037109375,-15.274665832519531,7.4808878898620605,-28.214719772338867,3.4833202362060547,-26.00722885131836,-19.487619400024414,-0.3017824590206146,6.894652843475342,15.116694450378418,-34.454383850097656,0.8501719236373901,66.31231689453125,28.36419677734375,33.62632751464844,13.901908874511719,15.446732521057129,11.29763412475586,14.548563957214355,8.123769760131836,14.126901626586914,14.999674797058105,18.14764976501465,15.809061050415039,7.817579746246338,-2.561211109161377,-1.1278588771820068,-1.3606328964233398,-1.3644189834594727,-0.3544186055660248,0.46795082092285156,0.17112119495868683,-0.3252088129520416,0.5924855470657349,0.6669507622718811,0.7709584832191467,-0.5619128346443176,0.5566545128822327,0,Buka3_pitch_1.0.wav
1009.9069817605316,1168.9583815502065,2764.0,11059.0,-0.17613311111927032,0.1717984974384308,7.233796296296296e-05,0.00014467592592592592,0.00021701388888888888,0.00028935185185185184,0.0003616898148148148,0.00043402777777777775,0.0005063657407407407,0.0005787037037037037,0.0006510416666666666,0.0007233796296296296,0.9999894818532028,-0.07325874567031859,0.24839040264487267,1.7811196909132372,1.0,-0.00030493842567167845,0.1866092461426302,-0.0013196584768593311,0.12465380877256393,-0.9513795375823975,1.9513795375823975,0.27028617027630375,0.23877196814223098,0.2702859982595983,0.07305452085518759,-190.43910217285156,136.93540954589844,-19.656307220458984,-0.37965312600135803,-31.95965003967285,3.091808795928955,-32.04502487182617,-13.143516540527344,1.1795485019683838,10.877007484436035,-2.5327260494232178,-31.40996742248535,11.892533302307129,66.5221176147461,32.920860290527344,42.281410217285156,14.508064270019531,18.650814056396484,11.016714096069336,17.192424774169922,8.645308494567871,14.785240173339844,21.213150024414062,9.580158233642578,15.968347549438477,12.742164611816406,-2.4537854194641113,-1.2116892337799072,-1.4519903659820557,-1.4698712825775146,-0.24140521883964539,0.6279487013816833,-0.5231559872627258,-0.7371168732643127,0.18507064878940582,0.4860042929649353,0.05467486381530762,-0.4566681683063507,0.5196285247802734,0,Buka3_pitch_2.0.wav
665.800450282178,650.2354394503355,3276.0,13107.0,-0.13020551204681396,0.14764335751533508,6.103515625e-05,0.0001220703125,0.00018310546875,0.000244140625,0.00030517578125,0.0003662109375,0.00042724609375,0.00048828125,0.00054931640625,0.0006103515625,0.9999912806919643,-0.025081798434257507,0.19677059166133404,1.6767470196566334,1.0,0.00040523696787293654,0.14192819988068972,0.0002383178216405213,0.09819780645193532,-0.8637850880622864,1.8637850880622864,0.20158679151743322,-0.0684224839834885,0.2015863842061089,0.04063707029729295,-211.87095642089844,145.18099975585938,-15.340374946594238,7.424983024597168,-29.77802848815918,2.251216173171997,-14.718180656433105,-26.19730567932129,-2.8798940181732178,-1.2547447681427002,23.639692306518555,-19.01582145690918,-12.427082061767578,69.26023864746094,24.769311904907227,38.71215057373047,15.114864349365234,16.42393684387207,15.953356742858887,15.58070182800293,10.435853958129883,11.727267265319824,10.99225902557373,22.955102920532227,8.519559860229492,5.936651229858398,-3.2280924320220947,-0.9240177869796753,-1.0927242040634155,-1.4196370840072632,-0.30795153975486755,0.08098096400499344,0.6377207636833191,-0.5007043480873108,0.05339797958731651,0.6128590106964111,0.6541468501091003,-0.0750737339258194,0.30728650093078613,0,Buka3_stretch_0.85.wav
641.9354250386243,835.9214454804255,2457.0,9830.0,-0.13612133264541626,0.10734722763299942,8.138020833333333e-05,0.00016276041666666666,0.000244140625,0.0003255208333333333,0.0004069010416666667,0.00048828125,0.0005696614583333334,0.0006510416666666666,0.000732421875,0.0008138020833333334,0.9999999999999998,-0.010977366566658042,0.17343334294855595,2.676675283337735,1.0,0.0002026158392454125,0.14914031689916987,-0.0018643311341293156,0.08645493380026892,-0.8381406664848328,1.8381406664848328,0.22856254860801262,0.4919217849754299,0.2285624588006784,0.05224079757301181,-210.53082275390625,148.52297973632812,-11.475808143615723,8.478636741638184,-27.896326065063477,3.7890186309814453,-15.727167129516602,-27.403173446655273,-3.7235517501831055,-2.4874472618103027,21.94754409790039,-21.069883346557617,-12.469513893127441,72.80460357666016,24.955181121826172,38.717041015625,14.603089332580566,16.25508689880371,14.91049575805664,15.899567604064941,10.502293586730957,9.796384811401367,9.693621635437012,20.116884231567383,7.714381694793701,3.889037847518921,-3.6065611839294434,-1.253928303718567,-1.2788410186767578,-1.6170505285263062,-0.32099059224128723,0.39280498027801514,0.5043420791625977,-0.25599783658981323,-0.0022289894986897707,0.5736844539642334,0.9350504279136658,-0.2291240245103836,0.2857157588005066,0,Buka3_stretch_1.15.wav
922.1129358879447,1108.3920797991973,2662.0,10649.0,-0.13578400015830994,0.09645456820726395,7.512019230769231e-05,0.00015024038461538462,0.00022536057692307694,0.00030048076923076925,0.00037560096153846156,0.00045072115384615387,0.0005258413461538461,0.0006009615384615385,0.0006760817307692308,0.0007512019230769231,0.9999890339005388,-0.04302290380001067,0.15643736720085144,2.159544721979418,1.0,-0.0007653989350357603,0.1658337087246089,-0.002308553084731102,0.07863718643784523,-0.8964052796363831,1.896405279636383,0.2631906173732513,0.48173059904314786,0.2631895044217824,0.06926871523778341,-172.85377502441406,125.4894027709961,-1.2733328342437744,4.686291217803955,-18.75834846496582,6.924056529998779,-18.781545639038086,-23.226028442382812,-13.136574745178223,-7.330967426300049,13.395012855529785,-8.446560859680176,-6.734879016876221,67.79393005371094,17.7117862701416,26.874053955078125,10.216599464416504,11.366253852844238,15.158392906188965,13.63962459564209,9.261761665344238,6.825352191925049,11.169211387634277,17.462390899658203,9.155271530151367,5.27330207824707,-4.248396873474121,-0.33051779866218567,-0.7341885566711426,-0.8132743239402771,0.35390836000442505,0.7749699950218201,0.15402619540691376,0.001690458389930427,0.41502052545547485,0.5890679955482483,0.8894214630126953,0.44927075505256653,-0.17706435918807983,0,Buka4_noise_0.003.wav
917.9002397475931,1103.328362704642,2662.0,10649.0,-0.13544070720672607,0.09724552184343338,7.512019230769231e-05,0.00015024038461538462,0.00022536057692307694,0.00030048076923076925,0.00037560096153846156,0.00045072115384615387,0.0005258413461538461,0.0006009615384615385,0.0006760817307692308,0.0007512019230769231,1.0000000000000004,-0.04050930142402648,0.15611525159329176,2.1599467817680624,1.0,-0.0007982952737869505,0.16568674209819295,-0.0039249928668141365,0.07836433500051498,-0.89183509349823,1.89183509349823,0.26258873267738675,0.4817910450503872,0.26258751922696544,0.06895220525377194,-152.30873107910156,105.19263458251953,9.285768508911133,0.3187559247016907,-14.722563743591309,4.957928657531738,-18.255578994750977,-21.11717414855957,-14.683773040771484,-3.247972011566162,9.138640403747559,-5.065195560455322,-6.584835052490234,58.47978973388672,22.110013961791992,23.947200775146484,11.160849571228027,9.112177848815918,12.775007247924805,10.908665657043457,8.91877555847168,6.2903008460998535,11.169692039489746,16.602611541748047,7.713431358337402,4.063785552978516,-3.4597859382629395,-1.1039718389511108,-0.31764158606529236,-0.869015634059906,0.36630499362945557,0.671427309513092,0.13420593738555908,0.08677554130554199,0.4405825138092041,0.6481058597564697,0.7363842129707336,0.46608656644821167,-0.10470090061426163,0,Buka4_noise_0.008.wav
684.9562068134289,823.3265200972777,2662.0,10649.0,-0.11078513413667679,0.09444545954465866,7.512019230769231e-05,0.00015024038461538462,0.00022536057692307694,0.00030048076923076925,0.00037560096153846156,0.00045072115384615387,0.0005258413461538461,0.0006009615384615385,0.0006760817307692308,0.0007512019230769231,0.9997991603269845,0.012706553936004616,0.13291471637785435,3.114847408162068,1.0,-0.0007070125541877507,0.14009158430818586,-0.0007564491243101656,0.06642303703119978,-0.7950789928436279,1.795078992843628,0.22683483413746716,0.4660199451901913,0.22683373230500897,0.05145354211142047,-225.47850036621094,140.27806091308594,2.8244974613189697,10.70785903930664,-16.01226043701172,3.659170389175415,-2.637127161026001,-30.33148193359375,-5.364556789398193,-23.05099868774414,15.565592765808105,-4.4648051261901855,-9.474855422973633,80.42398834228516,22.52800178527832,29.39494514465332,9.607743263244629,14.26628303527832,19.4403018951416,13.806265830993652,11.526747703552246,6.662885665893555,9.096821784973145,18.801578521728516,8.928149223327637,5.590217590332031,-4.133824825286865,1.2689248323440552,-1.167707085609436,-0.7688189148902893,-0.18590641021728516,0.7816806435585022,0.3300159275531769,-0.023308895528316498,0.2555866539478302,0.36937353014945984,1.063725233078003,0.8857216238975525,0.09241273999214172,0,Buka4_pitch_-1.0.wav
722.7593075553511,903.5197219224641,2560.0,10240.0,-0.11510821431875229,0.09893232583999634,7.8125e-05,0.00015625,0.000234375,0.0003125,0.000390625,0.00046875,0.000546875,0.000625,0.000703125,0.00078125,0.9999885479590356,0.006121686100959756,0.15018132887780666,2.8715660856939778,1.0,-0.000737468372361786,0.14863895038570132,-0.0001847816165536642,0.07472860440611839,-0.8070514798164368,1.8070514798164368,0.23762485329350927,0.432728577340722,0.23762370892476528,0.05646502704316158,-219.5675506591797,137.33029174804688,10.276079177856445,7.565478801727295,-11.332174301147461,-5.896393299102783,8.914826393127441,-36.28797149658203,-3.704198122024536,-28.18848991394043,8.695655822753906,4.267402172088623,-10.973265647888184,77.81855010986328,20.198978424072266,33.196990966796875,8.36048412322998,15.112470626831055,22.188444137573242,12.79067325592041,12.541337013244629,8.669915199279785,10.5155029296875,17.333820343017578,14.02660846710205,9.173830032348633,-3.568876028060913,1.679716944694519,-1.3089593648910522,-0.8325595259666443,-0.7676544189453125,0.6773157119750977,0.7215237021446228,-0.38373294472694397,0.30165690183639526,0.10856886208057404,0.8481712937355042,1.2961134910583496,0.255797415971756,0,Buka4_pitch_-2.0.wav
690.730716988535,863.4808556775187,2560.0,10240.0,-0.11553055047988892,0.09145960211753845,7.8125e-05,0.00015625,0.000234375,0.0003125,0.000390625,0.00046875,0.000546875,0.000625,0.000703125,0.00078125,0.9999885479590356,-0.005145251750946045,0.14430480264127254,2.852440815198115,1.0,-0.0007469995820380468,0.14493003310400224,3.62391308073029e-08,0.07127013802528381,-0.8275368213653564,1.8275368213653564,0.23230010173206833,0.3255983347055652,0.23229890067831518,0.05396277925635374,-210.70101928710938,135.96731567382812,-10.855391502380371,7.547462463378906,-22.692079544067383,9.590057373046875,-27.84355354309082,-19.170923233032227,-6.420681476593018,-0.904843270778656,14.686004638671875,-18.765817642211914,3.791846990585327,72.76864624023438,14.793990135192871,27.76594352722168,11.677971839904785,9.938714981079102,17.87961196899414,16.75904083251953,8.220038414001465,12.470391273498535,16.6362247467041,13.19172191619873,10.846445083618164,8.309022903442383,-4.85347318649292,0.4017239212989807,-1.4401341676712036,-0.9220845699310303,0.1544220745563507,1.297149419784546,-0.17050060629844666,0.1870695948600769,1.0293278694152832,0.6316121220588684,1.439119815826416,-0.3891526758670807,-0.14246347546577454,0,Buka4_pitch_1.0.wav
559.1576183888167,672.1149345820048,2662.0,10649.0,-0.09072080999612808,0.08863895386457443,7.512019230769231e-05,0.00015024038461538462,0.00022536057692307694,0.00030048076923076925,0.00037560096153846156,0.00045072115384615387,0.0005258413461538461,0.0006009615384615385,0.0006760817307692308,0.0007512019230769231,0.9996841234763084,-0.012187403440475475,0.11954803951084614,3.1027881836847557,1.0,-0.000659772958568335,0.12679253943350793,-1.5527444702456705e-05,0.05994420312345028,-0.8403407335281372,1.8403407335281372,0.2049488419671581,0.29549714646134617,0.20494777999120234,0.04200359252332228,-218.67483520507812,130.53929138183594,-12.607816696166992,6.453851222991943,-21.23387908935547,6.576292037963867,-36.43684387207031,-14.92354679107666,-9.190394401550293,6.595988750457764,5.434051990509033,-18.259708404541016,6.185379981994629,75.4253921508789,17.82270050048828,27.272125244140625,9.189658164978027,13.156839370727539,16.150188446044922,17.4847412109375,6.257051467895508,10.345401763916016,19.091449737548828,6.74387788772583,9.320810317993164,7.848602771759033,-5.974318504333496,-0.29588428139686584,-1.2015936374664307,-0.22186411917209625,0.7493827939033508,0.673808753490448,-0.11008065193891525,0.07150778919458389,0.6681678295135498,0.7702718377113342,0.7630106806755066,-0.3633095920085907,-0.05495752394199371,0,Buka4_pitch_2.0.wav
873.701604412228,941.5522105877045,2969.0,11878.0,-0.12972666323184967,0.11529772728681564,6.734913793103448e-05,0.00013469827586206896,0.00020204741379310345,0.00026939655172413793,0.00033674568965517244,0.0004040948275862069,0.0004714439655172414,0.0005387931034482759,0.0006061422413793104,0.0006734913793103449,0.9999902800937663,-0.0029032528400421143,0.1739759761840105,2.3121114157075837,1.0,-0.0007071439958536733,0.15670042804532314,-1.0850937997020083e-05,0.08654343336820602,-0.8234604597091675,1.8234604597091675,0.24257586414588997,0.2442250130791331,0.24257483342979833,0.0588425498134944,-218.6951446533203,138.51541137695312,-8.08292007446289,10.722444534301758,-21.630720138549805,9.03204345703125,-17.830604553222656,-26.96919059753418,-9.450007438659668,-12.257379531860352,17.743236541748047,-11.157038688659668,-4.249992847442627,68.16731262207031,14.854214668273926,29.29302978515625,11.076532363891602,11.212790489196777,18.22121238708496,15.525350570678711,10.349956512451172,8.501436233520508,11.179059028625488,20.362918853759766,9.438118934631348,7.68024206161499,-4.653666973114014,0.1880069524049759,-0.9118034839630127,-0.5718592405319214,0.048906851559877396,1.0766505002975464,0.12370715290307999,-0.11123631149530411,0.6566936373710632,0.4240695834159851,1.2499446868896484,0.2908674478530884,0.026652177795767784,0,Buka4_stretch_0.85.wav
472.6174567600674,671.3912197603728,2252.0,9011.0,-0.11465000361204147,0.09705949574708939,8.87784090909091e-05,0.0001775568181818182,0.00026633522727272725,0.0003551136363636364,0.00044389204545454544,0.0005326704545454545,0.0006214488636363636,0.0007102272727272727,0.0007990056818181819,0.0008877840909090909,0.9999868080002773,0.07149859070777892,0.14524994045495987,3.260947264842243,1.0,0.0006520357893859941,0.13145839966994843,-1.5743453900540771e-06,0.07218048121734455,-0.688184380531311,1.688184380531311,0.20483707164414916,0.5871832248581261,0.20483603386386798,0.041957800769079664,-221.72747802734375,142.4127197265625,-5.788375377655029,11.558599472045898,-21.46519660949707,9.663084983825684,-18.385597229003906,-26.736011505126953,-10.864173889160156,-9.473188400268555,20.11138343811035,-12.170500755310059,-4.644687175750732,66.81414794921875,12.800492286682129,28.485464096069336,10.010401725769043,11.38534927368164,17.070085525512695,16.80791664123535,9.893632888793945,7.8522629737854,11.937097549438477,21.005233764648438,9.000404357910156,5.5529351234436035,-5.996227741241455,0.07266154140233994,-1.9765397310256958,-0.930625319480896,0.1744200736284256,1.185186743736267,0.21256421506404877,0.04287895932793617,0.6137323975563049,0.7104234099388123,1.6268036365509033,0.41574349999427795,-0.29737186431884766,0,Buka4_stretch_1.15.wav
2685.9937246271375,2098.5350648974168,4096.0,16384.0,-0.2679312527179718,0.2875162363052368,4.8828125e-05,9.765625e-05,0.000146484375,0.0001953125,0.000244140625,0.00029296875,0.000341796875,0.000390625,0.000439453125,0.00048828125,0.9999931813475565,-0.10312471985816957,0.3823346011340618,0.39599610536117336,0.9930561780929565,0.000417429420036608,0.2643494863067596,-0.013648041989654303,0.196063628885895,-1.0,1.9930561780929565,0.36214919209534274,0.2568197063221538,0.3621489515213163,0.13115186308798873,-200.24209594726562,119.51460266113281,2.2109389305114746,-3.4925336837768555,-30.679391860961914,-9.052469253540039,-12.172758102416992,-28.13821029663086,-1.2850632667541504,5.23490571975708,-3.0975472927093506,-8.856459617614746,-18.180784225463867,62.498634338378906,27.04088592529297,39.15180587768555,14.176227569580078,17.132566452026367,18.87792205810547,9.717369079589844,10.090290069580078,9.9539213180542,7.3351874351501465,10.258565902709961,7.1806230545043945,11.492486000061035,-1.913696050643921,-0.9890153408050537,-0.35191914439201355,-1.1350677013397217,-0.6048315167427063,0.14599500596523285,0.07356726378202438,-0.3350883722305298,0.2205345779657364,0.5787566900253296,0.27016109228134155,-0.12740491330623627,-0.054301872849464417,0,Buka5_noise_0.003.wav
2698.998267566071,2108.6953601766263,4096.0,16384.0,-0.2684859335422516,0.28762829303741455,4.8828125e-05,9.765625e-05,0.000146484375,0.0001953125,0.000244140625,0.00029296875,0.000341796875,0.000390625,0.000439453125,0.00048828125,0.9999931813475564,-0.10150458514690397,0.3828892298042774,0.3974120424992664,0.9966564774513245,0.00039850735195381406,0.2650164940698797,-0.01362895593047142,0.19646462425589561,-1.0,1.9966564774513245,0.36302482667649544,0.2564312933232771,0.3630246079474366,0.13178686597539002,-172.53399658203125,96.84597778320312,7.556259632110596,-3.487122058868408,-27.85138702392578,-8.455588340759277,-15.379850387573242,-21.563495635986328,-4.328745365142822,5.518008708953857,-2.839876890182495,-8.894989013671875,-15.978449821472168,51.43543243408203,25.890792846679688,35.160545349121094,13.973719596862793,14.768505096435547,16.901308059692383,9.43478012084961,9.6834077835083,9.663739204406738,8.164641380310059,9.60515022277832,6.774593830108643,10.922337532043457,-1.5228384733200073,-1.127323031425476,-0.5792631506919861,-0.8790782690048218,-0.5246891975402832,0.04828854277729988,-0.03811949864029884,-0.13588158786296844,0.14723871648311615,0.6093042492866516,0.22898797690868378,-0.13469302654266357,0.06355713307857513,0,Buka5_noise_0.008.wav
2017.0177941941047,1575.8720985939585,4096.0,16384.0,-0.19433334469795227,0.20444898307323456,4.8828125e-05,9.765625e-05,0.000146484375,0.0001953125,0.000244140625,0.00029296875,0.000341796875,0.000390625,0.000439453125,0.00048828125,0.9999863626951129,0.013268375396728427,0.27680132910609245,0.5550446023767202,0.8423061370849609,0.00018853763059403227,0.22227800788921764,0.0006958181620575488,0.13879152288427576,-1.0,1.842306137084961,0.3138266989631921,-0.11507199710898457,0.3138266423293215,0.09848716143569589,-240.86248779296875,125.01087188720703,7.155125141143799,-4.014998912811279,-28.044755935668945,-15.954639434814453,-3.466171979904175,-36.07024383544922,-4.835564613342285,3.157890558242798,0.3500937521457672,-2.915691375732422,-16.312044143676758,63.54018783569336,28.115747451782227,46.3632698059082,14.516447067260742,19.99627113342285,20.707324981689453,10.305898666381836,12.01010513305664,10.13834285736084,8.872379302978516,10.84341049194336,7.780436992645264,11.898446083068848,-2.1892454624176025,-1.3068041801452637,-0.4265855848789215,-1.5250473022460938,-0.999420166015625,-0.12432084232568741,0.15906450152397156,-0.26442521810531616,-0.21451088786125183,0.3584563732147217,0.3502642512321472,-0.0957917794585228,-0.1620016098022461,0,Buka5_pitch_-1.0.wav
1703.6899102685925,1331.0727361832844,4096.0,16384.0,-0.19214247167110443,0.18754024803638458,4.8828125e-05,9.765625e-05,0.000146484375,0.0001953125,0.000244140625,0.00029296875,0.000341796875,0.000390625,0.000439453125,0.00048828125,0.9999795440426695,0.09761011898517613,0.2821000665426254,1.7168639081043144,0.9956547617912292,0.0005588018203513429,0.20059828279554676,-0.002162500866688788,0.1410562474047765,-1.0,1.9956547617912292,0.28842327211900504,0.1669113437603901,0.2884227307969315,0.0831876716403592,-222.29608154296875,130.4430389404297,16.220951080322266,-0.7120876908302307,-16.93442726135254,-22.32335662841797,8.850897789001465,-35.8671989440918,-10.996706008911133,0.6992554068565369,3.610607147216797,0.7382376194000244,-13.349515914916992,65.76817321777344,21.44187355041504,45.766876220703125,12.899072647094727,18.88155746459961,24.64603042602539,11.990378379821777,12.383565902709961,8.0989990234375,8.670709609985352,7.609249591827393,10.50908088684082,16.316848754882812,-2.3870816230773926,-0.6320560574531555,-0.042086437344551086,-1.0257500410079956,-0.7976019382476807,0.1341298371553421,0.027236705645918846,-0.18133102357387543,-0.3908846378326416,0.38740524649620056,0.21568264067173004,0.3083151578903198,-0.3628963530063629,0,Buka5_pitch_-2.0.wav
1822.063870884363,1423.5569087430933,4096.0,16384.0,-0.23060229420661926,0.22334767878055573,4.8828125e-05,9.765625e-05,0.000146484375,0.0001953125,0.000244140625,0.00029296875,0.000341796875,0.000390625,0.000439453125,0.00048828125,1.0,0.001589629054069508,0.3340617008507252,0.12306786097107025,1.0,0.00026400845567822186,0.22108202134636218,-0.0001054848798958119,0.1670568659901619,-0.8152915835380554,1.8152915835380554,0.29827497790717467,0.006466695700650519,0.2982748610678762,0.08896789274506087,-248.52378845214844,121.2197494506836,-3.7643113136291504,-10.195215225219727,-35.30232238769531,-8.994508743286133,-15.447019577026367,-26.793855667114258,10.235292434692383,1.311228632926941,-6.447916030883789,-16.092506408691406,-10.499429702758789,61.56201171875,32.983524322509766,41.226219177246094,14.55845832824707,19.08332633972168,18.68842124938965,11.1104736328125,9.501745223999023,12.793384552001953,7.120051383972168,6.806671619415283,13.00423526763916,7.968528747558594,-2.104658365249634,-0.9927021861076355,-0.4809788465499878,-1.4078843593597412,-0.5396279692649841,-0.010198157280683517,-0.053160659968853,-0.1650879979133606,0.4700511395931244,0.5707567930221558,0.02459835074841976,-0.051196832209825516,0.19478897750377655,0,Buka5_pitch_1.0.wav
2284.500310766789,1784.8530188128632,4096.0,16384.0,-0.20195795595645905,0.20211632549762726,4.8828125e-05,9.765625e-05,0.000146484375,0.0001953125,0.000244140625,0.00029296875,0.000341796875,0.000390625,0.000439453125,0.00048828125,0.9999590880853391,-0.09092821478843688,0.2968411035835743,0.8360636929113707,1.0,0.00033868068883782245,0.23445497407303603,0.0014848699793219566,0.148635090328753,-0.9835058450698853,1.9835058450698853,0.33398782423414725,-0.04059626086025869,0.3339876525143567,0.11154775203205065,-231.56275939941406,119.56417846679688,-6.983762264251709,-12.75325870513916,-36.12952423095703,-5.010385513305664,-20.055721282958984,-18.76692771911621,12.080432891845703,-4.916660308837891,-8.120413780212402,-15.031173706054688,2.2479212284088135,65.91535186767578,33.06373977661133,36.819313049316406,14.990788459777832,19.747095108032227,21.765621185302734,12.867074012756348,6.5374884605407715,10.858020782470703,9.244406700134277,6.104763507843018,15.28842830657959,8.929089546203613,-2.2800450325012207,-1.0988795757293701,-0.2454805076122284,-1.4174975156784058,-0.5750351548194885,0.3228309452533722,-0.05226261913776398,-0.14339202642440796,0.7063339948654175,0.46171829104423523,-0.27821865677833557,-0.02811427228152752,0.5166381001472473,0,Buka5_pitch_2.0.wav
2613.773721258647,1737.9536857473447,4812.0,19251.0,-0.2535039782524109,0.25211477279663086,4.1555851063829786e-05,8.311170212765957e-05,0.00012466755319148935,0.00016622340425531914,0.00020777925531914894,0.0002493351063829787,0.0002908909574468085,0.0003324468085106383,0.0003740026595744681,0.0004155585106382979,0.9999828689694412,0.06983985304832463,0.3691144436597824,0.25653566403568195,0.945163369178772,-0.0005716932052156029,0.24596269564821954,0.0018733516917563975,0.18456695973873138,-1.0,1.945163369178772,0.3295718305243585,-0.08667594044758598,0.32957133467893657,0.10861726464205561,-227.3341064453125,126.99725341796875,-1.8778473138809204,-3.0583999156951904,-32.32609176635742,-8.050450325012207,-10.196810722351074,-32.65412902832031,2.8186542987823486,5.123627185821533,-5.576239109039307,-10.210315704345703,-18.62510871887207,64.8427734375,28.718826293945312,42.230804443359375,14.637846946716309,18.2534122467041,22.183168411254883,11.11643123626709,10.858229637145996,12.405482292175293,7.7670111656188965,11.865721702575684,9.337689399719238,13.658873558044434,-1.386042594909668,-0.4066859483718872,-0.2951108515262604,-1.4802017211914062,-0.6508879661560059,-0.11081695556640625,0.1937381476163864,-0.06006038188934326,0.09224763512611389,0.6360631585121155,0.12009167671203613,-0.2644980847835541,-0.05919576808810234,0,Buka5_stretch_0.85.wav
752.2340337475906,653.016360477535,3686.0,14745.0,-0.1511538326740265,0.15373024344444275,5.425347222222222e-05,0.00010850694444444444,0.00016276041666666666,0.00021701388888888888,0.0002712673611111111,0.0003255208333333333,0.00037977430555555556,0.00043402777777777775,0.00048828125,0.0005425347222222222,0.9999693697900492,0.03172017335891725,0.21479481644928455,1.2677518934881693,1.0,0.00020087022699572584,0.14532843812201945,0.00032475417538080364,0.10761516368074808,-0.7605087757110596,1.7605087757110596,0.20201808892902406,0.15846846634223857,0.2020179890645558,0.04081126790568698,-248.0124053955078,136.16677856445312,-5.432387828826904,-0.701810359954834,-31.26565170288086,-8.566349983215332,-9.49354076385498,-33.25203323364258,0.9227184653282166,2.4182322025299072,-5.1111063957214355,-10.365262985229492,-18.795652389526367,71.42354583740234,30.39240074157715,39.370418548583984,16.16676139831543,18.89259910583496,20.696727752685547,11.534540176391602,12.212342262268066,9.259178161621094,6.4685163497924805,12.39332389831543,6.054687023162842,11.62321662902832,-3.7168359756469727,-0.9727610945701599,-0.051542554050683975,-1.7725287675857544,-0.5383415222167969,-0.1612919420003891,0.21358546614646912,-0.22344522178173065,0.1811501383781433,0.3752976059913635,0.060872502624988556,-0.13098955154418945,0.08074089139699936,0,Buka5_stretch_1.15.wav
1331.758917983863,1435.1816991811013,2969.0,11878.0,-0.22464784979820251,0.1439894139766693,6.734913793103448e-05,0.00013469827586206896,0.00020204741379310345,0.00026939655172413793,0.00033674568965517244,0.0004040948275862069,0.0004714439655172414,0.0005387931034482759,0.0006061422413793104,0.0006734913793103449,0.9999902800937663,-0.08660363852977754,0.2624619472771883,1.3025486844035896,1.0,0.00035281917166130814,0.20984497517631517,-0.018420054577291012,0.13756029307842255,-0.97564297914505,1.97564297914505,0.2994875874859932,0.8970113994647239,0.2994873796620027,0.08969269057681255,-154.63755798339844,113.05842590332031,-26.136445999145508,-8.794431686401367,-33.578765869140625,4.833484172821045,-17.475425720214844,-27.120710372924805,6.486944198608398,10.034537315368652,7.445886135101318,-14.817873001098633,-24.32989501953125,66.47321319580078,32.71157455444336,35.88008499145508,16.078847885131836,20.69072914123535,12.869507789611816,8.445577621459961,9.849188804626465,11.539021492004395,7.890214443206787,9.049201011657715,9.648149490356445,9.293397903442383,-1.2722069025039673,-1.2636648416519165,-1.4447287321090698,-2.3196380138397217,-0.48411738872528076,0.9349497556686401,-0.2364717423915863,-0.4956020414829254,-0.22096821665763855,0.6231889724731445,0.5229600667953491,-0.8424429297447205,0.10146041214466095,0,Buka6_noise_0.003.wav
1337.9318892341594,1441.8340558864788,2969.0,11878.0,-0.22546710073947906,0.1441715508699417,6.734913793103448e-05,0.00013469827586206896,0.00020204741379310345,0.00026939655172413793,0.00033674568965517244,0.0004040948275862069,0.0004714439655172414,0.0005387931034482759,0.0006061422413793104,0.0006734913793103449,0.9999611203750649,-0.08987920582294462,0.26303328201174736,1.3001317943416426,1.0,0.00036850956022707127,0.21044505844902558,-0.019576276652514935,0.13801792729645967,-0.9815985560417175,1.9815985560417175,0.300180877722684,0.8964303753929362,0.30018065152681805,0.09010842355106498,-134.98704528808594,95.20408630371094,-17.37103271484375,-10.884235382080078,-28.95378875732422,3.1962382793426514,-18.509336471557617,-22.805728912353516,3.7179808616638184,10.968537330627441,7.70119571685791,-14.418831825256348,-21.99791717529297,56.859413146972656,31.801870346069336,34.85322189331055,15.401945114135742,19.713106155395508,11.915116310119629,7.401679039001465,10.597708702087402,10.986598014831543,7.430219650268555,8.587285995483398,9.675930976867676,8.128018379211426,-0.5970844626426697,-1.424630045890808,-1.7219998836517334,-1.942808747291565,-0.4441574215888977,0.8591483235359192,-0.1983913779258728,-0.3062182068824768,-0.16189245879650116,0.48352810740470886,0.4563475251197815,-0.5517615675926208,0.05310405045747757,0,Buka6_noise_0.008.wav
617.150022759726,665.0771444841123,2969.0,11878.0,-0.14157532155513763,0.13325929641723633,6.734913793103448e-05,0.00013469827586206896,0.00020204741379310345,0.00026939655172413793,0.00033674568965517244,0.0004040948275862069,0.0004714439655172414,0.0005387931034482759,0.0006061422413793104,0.0006734913793103449,1.0,-0.023477748036384583,0.1992398500442505,1.6006941716388017,1.0,0.00010641177791469026,0.14364017619438021,-0.00066278938902542,0.1001538559794426,-0.8608686327934265,1.8608686327934265,0.2038737894065489,0.17790966518926618,0.20387376163577148,0.041564510683519365,-204.16998291015625,125.99473571777344,-25.700590133666992,0.354654997587204,-30.672452926635742,1.5390657186508179,-5.268224716186523,-37.67681121826172,-1.259547472000122,5.3723883628845215,14.522577285766602,-0.9564539194107056,-31.719877243041992,73.43160247802734,28.281084060668945,35.37351608276367,17.93291473388672,20.618427276611328,11.885618209838867,8.490707397460938,11.27674674987793,8.355173110961914,12.70538330078125,10.510704040527344,5.978133201599121,18.517274856567383,-2.0230064392089844,-1.128279209136963,-1.4897953271865845,-2.515212059020996,-0.6264245510101318,0.8273677229881287,-0.2613295316696167,-0.39066118001937866,-0.46773800253868103,0.29411041736602783,1.0470538139343262,-0.4738408029079437,-0.3473818600177765,0,Buka6_pitch_-1.0.wav
924.7850567267305,996.6027418082905,2969.0,11878.0,-0.18516980111598969,0.20528829097747803,6.734913793103448e-05,0.00013469827586206896,0.00020204741379310345,0.00026939655172413793,0.00033674568965517244,0.0004040948275862069,0.0004714439655172414,0.0005387931034482759,0.0006061422413793104,0.0006734913793103449,0.9999708402812986,0.03170394003391275,0.29370950907468796,0.2928178098875369,0.8758253455162048,2.6683268124949972e-05,0.18613794210301882,0.003543912316672504,0.14761829376220703,-1.0,1.8758253455162048,0.24956657697305568,-0.3065566378360628,0.24956657554658904,0.06228347563005133,-198.68177795410156,131.1466827392578,-18.559322357177734,-4.957346439361572,-28.312410354614258,-11.669737815856934,7.099412441253662,-40.38602066040039,-8.859353065490723,0.4561294615268707,14.363546371459961,11.331339836120605,-23.622343063354492,71.58441162109375,24.360525131225586,34.90593338012695,15.731853485107422,21.448671340942383,14.579004287719727,7.819555282592773,11.444108009338379,7.414566516876221,14.020170211791992,9.66975212097168,9.61016845703125,17.795974731445312,-1.6804412603378296,-0.5394136309623718,-1.3434871435165405,-2.1133973598480225,-0.8278065919876099,1.2385445833206177,-0.1317034214735031,-0.24044005572795868,-0.4648893475532532,-0.05330369621515274,0.850580632686615,0.25900718569755554,-0.8163355588912964,0,Buka6_pitch_-2.0.wav
902.339056049299,972.4136119612571,2969.0,11878.0,-0.19133257865905762,0.1848403811454773,6.734913793103448e-05,0.00013469827586206896,0.00020204741379310345,0.00026939655172413793,0.00033674568965517244,0.0004040948275862069,0.0004714439655172414,0.0005387931034482759,0.0006061422413793104,0.0006734913793103449,1.0,0.0802565425634385,0.2690410502254963,0.9724799037657839,0.9641028046607971,-0.000284566789772852,0.1801085046285089,0.0018538451986387372,0.1363817163510248,-1.0,1.9641028046607971,0.24651928432969233,-0.14491027203707021,0.24651912008638568,0.060771676568165844,-183.36569213867188,116.38630676269531,-36.87444305419922,-4.981019973754883,-33.8630485534668,4.883718967437744,-23.216066360473633,-19.30669593811035,18.99751853942871,8.015162467956543,1.4951190948486328,-28.289201736450195,-11.50617790222168,71.58050537109375,40.87014389038086,31.886625289916992,17.575706481933594,17.12381362915039,10.14262580871582,10.881123542785645,7.585742950439453,17.47047996520996,10.03657341003418,7.325917720794678,14.923267364501953,7.486241817474365,-2.2218689918518066,-1.463417410850525,-1.678740382194519,-2.4803805351257324,0.10620327293872833,0.7571932077407837,-0.3490337133407593,-0.1408749520778656,0.49403560161590576,1.273022174835205,0.345804899930954,-0.9386133551597595,0.8957170844078064,0,Buka6_pitch_1.0.wav
640.0099753702959,689.7123732689928,2969.0,11878.0,-0.16165302693843842,0.15319009125232697,6.734913793103448e-05,0.00013469827586206896,0.00020204741379310345,0.00026939655172413793,0.00033674568965517244,0.0004040948275862069,0.0004714439655172414,0.0005387931034482759,0.0006061422413793104,0.0006734913793103449,0.9999805601875325,0.032084676623344466,0.2255795393139124,0.8809849279337842,0.8765175938606262,-0.000400016714930055,0.15155325014497306,-0.0002620458253659308,0.11259922757744789,-1.0,1.8765175938606262,0.20761531761517993,0.025275138598238128,0.20761493225459443,0.04310396009507983,-186.12823486328125,112.42159271240234,-39.28832244873047,-7.552237033843994,-31.99140739440918,10.04934024810791,-30.745046615600586,-9.587116241455078,15.957467079162598,0.09509207308292389,-6.099774360656738,-27.64125633239746,11.728018760681152,72.85939025878906,39.71935272216797,29.225191116333008,18.060800552368164,16.785287857055664,11.870906829833984,12.594182968139648,4.306260108947754,12.126980781555176,11.604582786560059,7.417494773864746,13.41059398651123,16.88972282409668,-1.8577817678451538,-0.7471784949302673,-2.0904898643493652,-2.1855204105377197,0.20837096869945526,0.49475187063217163,-0.648480236530304,-0.07655510306358337,0.02099781110882759,0.5590283274650574,-0.694629430770874,-0.8627722263336182,1.0126426219940186,0,Buka6_pitch_2.0.wav
1398.5003559861416,1324.4158446746533,3379.0,13516.0,-0.23200485110282898,0.22485877573490143,5.918560606060606e-05,0.00011837121212121212,0.0001775568181818182,0.00023674242424242425,0.0002959280303030303,0.0003551136363636364,0.00041429924242424244,0.0004734848484848485,0.0005326704545454545,0.0005918560606060606,0.9999831432796441,0.057552951574325606,0.34052038192749023,0.32664632150064943,0.9228235483169556,-0.0004464800598855207,0.2153958618845864,0.0038119133096188307,0.1703247029799968,-1.0,1.9228235483169556,0.2876996544054461,-0.16542632045539885,0.2876993079598372,0.08277089180056925,-179.5269775390625,125.00433349609375,-32.31763458251953,-3.401940107345581,-38.79352951049805,2.943967580795288,-17.779781341552734,-28.710737228393555,9.765457153320312,10.347909927368164,7.095339775085449,-17.550321578979492,-29.02166175842285,68.08135223388672,32.54943084716797,31.155607223510742,16.69225311279297,21.6439266204834,11.20363998413086,7.983377933502197,11.900378227233887,12.115220069885254,8.138298988342285,8.02582836151123,9.35883903503418,11.9850435256958,-1.966375470161438,-0.7085811495780945,-1.2751067876815796,-2.0770325660705566,-0.5398714542388916,0.7534042596817017,-0.19385865330696106,-0.5354967713356018,-0.3831281065940857,0.16395263373851776,0.548707902431488,-0.8444299101829529,0.17284227907657623,0,Buka6_stretch_0.85.wav
525.4430376982439,656.8551139285805,2560.0,10240.0,-0.15602758526802063,0.14606495201587677,7.8125e-05,0.00015625,0.000234375,0.0003125,0.000390625,0.00046875,0.000546875,0.000625,0.000703125,0.00078125,0.9999885479590356,-0.034169220924377464,0.22221788577735424,1.1027930015341836,1.0,-0.0007589047967297802,0.1479839821050814,-0.00042327163100708276,0.11108785080432426,-0.880307674407959,1.880307674407959,0.20260858155610117,-0.0013709355938403504,0.2026071602478175,0.04104966138368479,-198.59912109375,122.87772369384766,-35.17056655883789,-1.0428693294525146,-34.0185432434082,7.702273368835449,-19.13671112060547,-30.023752212524414,10.657171249389648,12.711101531982422,11.792142868041992,-13.901826858520508,-27.442556381225586,69.00009155273438,33.839332580566406,33.37592697143555,17.257356643676758,18.802730560302734,11.412243843078613,10.659610748291016,11.697827339172363,11.70557689666748,8.902969360351562,9.193771362304688,7.49062442779541,10.790715217590332,0.29365041851997375,-1.0598602294921875,-2.591311454772949,-2.5969789028167725,-0.4995233118534088,0.8246868848800659,-0.3924555480480194,-0.9889075756072998,-0.02590061165392399,0.6499501466751099,1.1813502311706543,-0.8828202486038208,0.23007917404174805,0,Buka6_stretch_1.15.wav
1832.8903263781317,1548.1309835849709,3788.0,15155.0,-0.20806632936000824,0.1836937516927719,5.2787162162162165e-05,0.00010557432432432433,0.0001583614864864865,0.00021114864864864866,0.0002639358108108108,0.000316722972972973,0.00036951013513513516,0.0004222972972972973,0.0004750844594594595,0.0005278716216216217,0.9999925701347121,-0.00953434407711029,0.24209362640976906,0.8326439246467365,1.0,0.00041507444400227817,0.2151130413608301,-0.0092560900375247,0.1275329440832138,-0.8355169892311096,1.8355169892311096,0.3110515694928749,0.5537345037750084,0.3110512925502589,0.09675290659718672,-197.5169677734375,113.51026916503906,-3.445563554763794,-5.33002233505249,-33.11479568481445,-2.190284013748169,-16.685245513916016,-30.833650588989258,-1.079169750213623,0.3569453954696655,2.0352883338928223,-11.61388874053955,-19.871597290039062,70.33428955078125,19.182640075683594,39.243629455566406,14.73219108581543,15.399765014648438,13.5667724609375,8.255114555358887,9.972868919372559,8.230116844177246,8.187899589538574,14.794095993041992,4.086977481842041,6.59222936630249,-2.977783679962158,0.09393393993377686,-0.5974732637405396,-0.9590684175491333,-0.2325277328491211,0.3427969813346863,0.1589386910200119,-0.23079249262809753,0.3193283975124359,0.5240276455879211,0.6788755059242249,-0.08694419264793396,-0.0436888113617897,0,Buka7_noise_0.003.wav
1843.2973958959321,1556.9212022559739,3788.0,15155.0,-0.20804984867572784,0.18411149084568024,5.2787162162162165e-05,0.00010557432432432433,0.0001583614864864865,0.00021114864864864866,0.0002639358108108108,0.000316722972972973,0.00036951013513513516,0.0004222972972972973,0.0004750844594594595,0.0005278716216216217,0.9999925701347121,-0.011770114302635193,0.2436550110578537,0.8318121045233835,1.0,0.00042322771185444375,0.2158902676213031,-0.009409033227711916,0.12744127260521054,-0.8395820260047913,1.8395820260047913,0.3119333880017492,0.5539022031336491,0.31193310088631776,0.09730225942855371,-170.2415008544922,92.06230163574219,2.475447177886963,-5.682943344116211,-28.2183895111084,-3.509075403213501,-17.388864517211914,-23.924274444580078,-4.9720306396484375,2.639000654220581,1.7410627603530884,-9.4794282913208,-18.47487449645996,57.71966552734375,20.477540969848633,34.756187438964844,16.381454467773438,12.867712020874023,11.747678756713867,7.830497741699219,8.489806175231934,7.722938060760498,8.930835723876953,14.09078598022461,4.182961463928223,5.657835006713867,-2.4391930103302,-0.5386993288993835,-0.5238184928894043,-0.8432495594024658,-0.15901394188404083,0.18260639905929565,0.09806375950574875,-0.09394337236881256,0.16381432116031647,0.5343181490898132,0.6255719065666199,0.0659865215420723,-0.16525238752365112,0,Buka7_noise_0.008.wav
1616.6298266222307,1365.4688922533753,3788.0,15155.0,-0.17920580506324768,0.15880239009857178,5.2787162162162165e-05,0.00010557432432432433,0.0001583614864864865,0.00021114864864864866,0.0002639358108108108,0.000316722972972973,0.00036951013513513516,0.0004222972972972973,0.0004750844594594595,0.0005278716216216217,0.9997952350841169,-0.010835221409797646,0.24322031624615192,1.3867003267407325,1.0,0.000378485577105912,0.19731107168787945,-0.0004501557268667966,0.12280009686946869,-0.8378822207450867,1.8378822207450867,0.29212548812812583,0.4630243343153915,0.2921252429400166,0.08533715756276372,-247.01705932617188,132.71046447753906,0.6279711127281189,-2.7894463539123535,-27.796485900878906,-4.57809591293335,-7.123654842376709,-39.87580871582031,-6.378192901611328,-3.28305721282959,4.962596416473389,0.01721816323697567,-21.96587562561035,80.04834747314453,22.82962417602539,42.12252426147461,13.770045280456543,15.238725662231445,15.6610689163208,10.739375114440918,13.343050003051758,5.775772571563721,4.162205696105957,15.3338623046875,7.384140968322754,10.638948440551758,-2.9677844047546387,1.003434419631958,-0.6790607571601868,-1.1124608516693115,-0.34507352113723755,0.4802025854587555,0.44206514954566956,-0.2183157056570053,0.1612084060907364,0.2483130544424057,0.6789574027061462,0.2069183588027954,-0.028805557638406754,0,Buka7_pitch_-1.0.wav
1552.348338076757,1311.1742284341503,3788.0,15155.0,-0.14537538588047028,0.138234943151474,5.2787162162162165e-05,0.00010557432432432433,0.0001583614864864865,0.00021114864864864866,0.0002639358108108108,0.000316722972972973,0.00036951013513513516,0.0004222972972972973,0.0004750844594594595,0.0005278716216216217,0.999179215146092,-0.009519067406654369,0.18438163213431835,1.7307008114367255,1.0,0.000396126382671723,0.18487603925035456,-0.002671490889042616,0.09267252730205655,-0.8354892134666443,1.8354892134666443,0.2862587351579349,0.4904406089277026,0.28625846107689057,0.08194390653810966,-247.46145629882812,124.1122055053711,8.197931289672852,-1.6124358177185059,-27.39830207824707,-15.675395965576172,4.513996124267578,-39.7199821472168,-11.726949691772461,-5.478090286254883,5.223876953125,4.278224945068359,-16.262248992919922,78.36212921142578,21.69605255126953,45.519264221191406,12.961164474487305,22.705230712890625,11.656596183776855,12.654990196228027,12.806122779846191,4.812463760375977,5.417426109313965,11.242246627807617,13.025465965270996,12.099843978881836,-3.443505048751831,0.9425263404846191,-0.6011514067649841,-1.026947021484375,-0.5882081985473633,0.39152562618255615,0.45822033286094666,-0.06434192508459091,0.08758281171321869,0.2298627644777298,0.6224392056465149,0.5402188301086426,-0.13405606150627136,0,Buka7_pitch_-2.0.wav
1700.8162911137838,1436.57607864755,3788.0,15155.0,-0.21194899082183838,0.1635459065437317,5.2787162162162165e-05,0.00010557432432432433,0.0001583614864864865,0.00021114864864864866,0.0002639358108108108,0.000316722972972973,0.00036951013513513516,0.0004222972972972973,0.0004750844594594595,0.0005278716216216217,0.9999628506735596,-0.013151735067367554,0.25649154372513294,1.1605023207403544,1.0,0.0003260454767576706,0.20420372616447205,-0.00013809712254442275,0.12579156458377838,-0.8420940637588501,1.84209406375885,0.2996352205049842,0.4546716132256876,0.29963504311314726,0.0897811590614176,-237.8968963623047,122.9470443725586,-7.2151384353637695,-11.828447341918945,-35.07888412475586,1.5969654321670532,-23.569183349609375,-28.16742515563965,9.742958068847656,-1.323798418045044,-0.360258013010025,-19.906835556030273,-10.072818756103516,76.36351776123047,22.554508209228516,39.105186462402344,15.311331748962402,15.840173721313477,16.90117645263672,8.741981506347656,10.29552936553955,12.801166534423828,10.291047096252441,12.100659370422363,9.14232349395752,7.9405131340026855,-3.9915554523468018,0.22336728870868683,-0.7157121896743774,-1.0121724605560303,-0.13422508537769318,0.4691830575466156,0.14004747569561005,-0.11737803369760513,0.6260443329811096,0.5295249223709106,0.6131917834281921,-0.14476080238819122,0.11250512301921844,0,Buka7_pitch_1.0.wav
1308.9917797144276,1105.625744361022,3788.0,15155.0,-0.19114820659160614,0.143255352973938,5.2787162162162165e-05,0.00010557432432432433,0.0001583614864864865,0.00021114864864864866,0.0002639358108108108,0.000316722972972973,0.00036951013513513516,0.0004222972972972973,0.0004750844594594595,0.0005278716216216217,0.9998624748652049,0.040235310792922974,0.22825920954346657,1.4119053794621363,1.0,-0.00044102813811078035,0.17913879273315267,-7.78910907683894e-05,0.1124238483607769,-0.745026707649231,1.745026707649231,0.2628649108282099,0.5508568795843491,0.2628645408549889,0.06909776683890413,-241.6304931640625,118.4107894897461,-12.334124565124512,-14.248162269592285,-33.955535888671875,1.74529230594635,-33.21986389160156,-16.924959182739258,9.235479354858398,-6.2710347175598145,-4.415195941925049,-24.23468780517578,-1.0960825681686401,78.25379943847656,24.93939208984375,38.384212493896484,13.315799713134766,12.798645973205566,17.55696678161621,10.6365966796875,7.502623081207275,11.354597091674805,11.280525207519531,8.736926078796387,11.112116813659668,10.87006664276123,-4.121218681335449,0.10575766116380692,-0.7966039776802063,-0.7357421517372131,0.014621634036302567,0.42410749197006226,-0.1260797083377838,-0.02177349478006363,0.6961153149604797,0.6777694821357727,0.3068520724773407,-0.4678399860858917,-0.005079815164208412,0,Buka7_pitch_2.0.wav
1990.896883431341,1446.9384571838043,4403.0,17612.0,-0.2030353546142578,0.16236291825771332,4.5421511627906976e-05,9.084302325581395e-05,0.00013626453488372093,0.0001816860465116279,0.00022710755813953488,0.00027252906976744186,0.00031795058139534886,0.0003633720930232558,0.0004087936046511628,0.00045421511627906976,0.9999811088265463,-0.00808004438877108,0.23046700097620487,1.101451979361749,1.0,0.0004329111701144988,0.20356020515755793,-0.0029390513664111495,0.11843036487698555,-0.8328728079795837,1.8328728079795837,0.3007150577219911,0.5074185913067968,0.30071474611109317,0.09042935852865921,-246.81724548339844,126.7462387084961,-3.403733968734741,-5.602538585662842,-34.90108108520508,-2.530916929244995,-13.961621284484863,-34.417266845703125,0.3072735071182251,-0.37160465121269226,3.7942769527435303,-14.977252960205078,-20.599451065063477,76.23580932617188,20.770427703857422,42.70481872558594,14.031250953674316,16.378097534179688,14.485785484313965,9.191414833068848,11.939205169677734,9.533973693847656,9.542380332946777,15.45763111114502,5.729734420776367,8.834794998168945,-3.832049608230591,0.2444203495979309,-0.388590544462204,-0.8492060303688049,-0.016482526436448097,0.35436323285102844,0.12731975317001343,-0.08736211806535721,0.24382296204566956,0.395917147397995,0.6598630547523499,-0.18101073801517487,0.010896747931838036,0,Buka7_stretch_0.85.wav
1701.3060416333747,1661.5330932145514,3276.0,13107.0,-0.2050969898700714,0.22139479219913483,6.103515625e-05,0.0001220703125,0.00018310546875,0.000244140625,0.00030517578125,0.0003662109375,0.00042724609375,0.00048828125,0.00054931640625,0.0006103515625,1.0,0.08045287728309636,0.2856525108218193,0.9901033769374248,0.9644597768783569,0.00042414310283123125,0.2222969306803229,0.0011615362600423396,0.14448772370815277,-1.0,1.964459776878357,0.32224133825467216,-0.2822071076981823,0.3222410591200171,0.10383930018279036,-225.29751586914062,128.1299591064453,-5.850823402404785,-5.736916542053223,-37.943946838378906,-2.7774460315704346,-17.01828384399414,-35.94749069213867,3.047746181488037,-0.23882542550563812,5.653081893920898,-13.2791748046875,-22.24552345275879,73.02230834960938,19.72955322265625,42.067840576171875,13.977810859680176,18.288616180419922,14.049179077148438,8.68390941619873,11.321660041809082,9.145583152770996,7.274013042449951,17.22658920288086,3.641939401626587,7.297066688537598,-3.9166367053985596,-0.13284911215305328,-1.0507947206497192,-1.0979236364364624,-0.3078189492225647,0.6994743347167969,0.3789181113243103,-0.36279168725013733,0.3629801273345947,0.4235690236091614,0.7840296626091003,-0.20887625217437744,0.03199445828795433,0,Buka7_stretch_1.15.wav
2433.6361742374397,2055.5444643297806,3788.0,15155.0,-0.2784123420715332,0.22655688226222992,5.2787162162162165e-05,0.00010557432432432433,0.0001583614864864865,0.00021114864864864866,0.0002639358108108108,0.000316722972972973,0.00036951013513513516,0.0004222972972972973,0.0004750844594594595,0.0005278716216216217,0.9999777104041359,0.01851303279399874,0.31943281926214695,0.3590538204043261,1.0,0.0012466055335954634,0.2526672805492719,-0.007125360891222954,0.1666738335043192,-0.784521758556366,1.784521758556366,0.358419792105815,0.5596691779897648,0.3584176242148525,0.12846319334781925,-225.70420837402344,121.9499282836914,21.920166015625,12.606305122375488,-28.9663143157959,-15.875056266784668,-2.3263323307037354,-13.571356773376465,-2.7293591499328613,-4.4651947021484375,-5.673778533935547,-13.744452476501465,-16.558443069458008,63.59511947631836,25.70685577392578,34.58921813964844,14.405797004699707,20.28590965270996,13.132622718811035,8.822859764099121,7.198300838470459,4.936669826507568,5.938650131225586,14.47901725769043,6.735172748565674,8.156163215637207,-0.5003231167793274,-0.8643416166305542,-1.6478224992752075,-1.5542998313903809,-1.450824499130249,-0.306104451417923,0.6530977487564087,-0.03480827063322067,0.44950732588768005,0.2977968156337738,0.22641563415527344,-0.36599215865135193,-0.6242167949676514,0,Buka8_noise_0.003.wav
2428.5253018097915,2051.2276212298293,3788.0,15155.0,-0.2784474492073059,0.2266974151134491,5.2787162162162165e-05,0.00010557432432432433,0.0001583614864864865,0.00021114864864864866,0.0002639358108108108,0.000316722972972973,0.00036951013513513516,0.0004222972972972973,0.0004750844594594595,0.0005278716216216217,0.9999628506735597,0.015936094522476185,0.31919482722878456,0.35920760088712766,1.0,0.0012346291438105617,0.25250571515903586,-0.007316763512790203,0.1663764687255025,-0.7892071008682251,1.789207100868225,0.35804323610640554,0.5595128656637615,0.35804110743380363,0.12819343461242452,-192.5531768798828,96.75801086425781,25.493799209594727,9.019041061401367,-24.101993560791016,-14.482046127319336,-6.898560523986816,-8.155174255371094,-5.438024997711182,-2.603207588195801,-7.974151611328125,-11.71105670928955,-14.966975212097168,50.46723937988281,28.44536590576172,30.352258682250977,13.965734481811523,17.76955223083496,11.751180648803711,6.5594682693481445,5.581756114959717,4.0796003341674805,6.698676586151123,12.123920440673828,5.947540760040283,7.676724433898926,-0.14019449055194855,-1.0405598878860474,-1.7962214946746826,-1.453618049621582,-1.3931024074554443,-0.31792595982551575,0.38225358724594116,0.07575929164886475,0.42351391911506653,0.24949459731578827,0.21298353374004364,-0.358279287815094,-0.5674976110458374,0,Buka8_noise_0.008.wav
1835.707000987094,1593.5821179422442,3686.0,14745.0,-0.20623928308486938,0.17559339106082916,5.425347222222222e-05,0.00010850694444444444,0.00016276041666666666,0.00021701388888888888,0.0002712673611111111,0.0003255208333333333,0.00037977430555555556,0.00043402777777777775,0.00048828125,0.0005425347222222222,0.9999923424475122,-0.006020447611808755,0.22285568714141846,0.5812252290676501,1.0,0.0014637529727758386,0.2143003759922885,-0.0020239499863237143,0.11139222234487534,-0.829128086566925,1.829128086566925,0.31558434496373894,0.22678020980815686,0.31558095033355044,0.09959133621342683,-272.1789855957031,134.14215087890625,27.8471622467041,20.46919059753418,-21.83976936340332,-23.454648971557617,3.1173272132873535,-19.076337814331055,-2.3721539974212646,-6.5449018478393555,-4.051876068115234,-11.718904495239258,-20.133779525756836,66.64405822753906,23.175230026245117,37.71511459350586,12.164976119995117,18.89431381225586,17.650712966918945,10.843852996826172,9.552826881408691,5.195744037628174,4.355569362640381,14.050676345825195,7.637875080108643,10.2785062789917,2.116082191467285,-0.07272966206073761,-2.0955100059509277,-1.2313098907470703,-2.0368993282318115,-1.577507495880127,0.3540728986263275,-0.19981174170970917,0.1265893578529358,0.01528115663677454,0.09788330644369125,0.06056709587574005,-1.0763493776321411,0,Buka8_pitch_-1.0.wav
936.8632471764926,750.7293010879893,3993.0,15974.0,-0.11593860387802124,0.09258382022380829,5.0080128205128203e-05,0.00010016025641025641,0.00015024038461538462,0.00020032051282051281,0.000250400641025641,0.00030048076923076925,0.00035056089743589744,0.00040064102564102563,0.00045072115384615387,0.000500801282051282,0.9999929886288902,0.07673058211803441,0.1349710114300251,3.335152518628452,0.9576919674873352,-0.001120852515049584,0.13507369133364544,-0.0011620757286436856,0.06700739142252132,-1.0,1.9576919674873352,0.21660616687728784,-0.04632222995727228,0.2166032668703567,0.046916975218910965,-247.92019653320312,134.2805938720703,26.5831298828125,17.351490020751953,-13.911018371582031,-33.248695373535156,7.3015456199646,-21.211101531982422,-0.7546262741088867,-5.336252689361572,0.2627426087856293,0.7690994143486023,-15.015518188476562,72.66305541992188,21.388797760009766,39.093997955322266,15.259198188781738,17.266462326049805,24.779094696044922,10.619609832763672,10.386208534240723,6.201922416687012,7.002635478973389,10.214228630065918,11.456321716308594,11.56954288482666,-2.5760269165039062,-0.03672892972826958,-0.15943050384521484,-1.6929810047149658,-1.0330358743667603,-0.8281181454658508,0.12577049434185028,0.12663696706295013,-0.3262804448604584,0.7462151646614075,0.2787587642669678,0.48085689544677734,-0.5091999769210815,0,Buka8_pitch_-2.0.wav
1575.3087177549721,1330.5674647141188,3788.0,15155.0,-0.14619602262973785,0.16110600531101227,5.2787162162162165e-05,0.00010557432432432433,0.0001583614864864865,0.00021114864864864866,0.0002639358108108108,0.000316722972972973,0.00036951013513513516,0.0004222972972972973,0.0004750844594594595,0.0005278716216216217,0.999985140269424,0.05833376646041866,0.18681735172867775,1.3827995067342629,0.9242432117462158,0.001049833433195568,0.1889695274124002,0.002584876725450158,0.09427693486213684,-1.0,1.9242432117462158,0.28836795373203217,-0.22484499275936548,0.2883660427119705,0.08315497458936201,-259.0685119628906,142.0559539794922,13.855234146118164,11.991604804992676,-37.13570022583008,-11.01614761352539,-0.22781533002853394,-15.493725776672363,1.289117693901062,-10.913796424865723,-6.174192428588867,-20.785327911376953,-8.303471565246582,72.8427505493164,26.636470794677734,37.0197639465332,14.064615249633789,23.031076431274414,13.114953994750977,10.475299835205078,10.801924705505371,6.996694564819336,11.082115173339844,13.818233489990234,10.838467597961426,8.03411865234375,-1.1455341577529907,-0.5041499137878418,-1.6470035314559937,-1.5126914978027344,-1.1293548345565796,-0.10183577984571457,0.9423156380653381,-0.027647532522678375,0.7371680736541748,-0.2106771171092987,0.07623095065355301,-0.8634640574455261,-0.19593076407909393,0,Buka8_pitch_1.0.wav
553.5231449863761,467.5273356797771,3788.0,15155.0,-0.110725037753582,0.0914333388209343,5.2787162162162165e-05,0.00010557432432432433,0.0001583614864864865,0.00021114864864864866,0.0002639358108108108,0.000316722972972973,0.00036951013513513516,0.0004222972972972973,0.0004750844594594595,0.0005278716216216217,0.999985140269424,0.04083185493946073,0.141129894182086,3.3263185803212725,1.0,-0.0011331573324469032,0.11368558063956882,-0.0033066471805796027,0.07413369289133698,-0.7439420819282532,1.7439420819282532,0.17093541474751753,0.5713383097730909,0.1709316587685434,0.02921763196936576,-278.2100830078125,135.1047821044922,8.533317565917969,8.355093002319336,-38.73097610473633,-3.267533540725708,-6.334469795227051,-13.403816223144531,1.3145148754119873,-9.957437515258789,-8.28770923614502,-17.17368507385254,-0.5116252899169922,72.6402816772461,26.179901123046875,35.542606353759766,15.703306198120117,23.99880027770996,11.218771934509277,7.820887088775635,10.54665756225586,7.945869445800781,12.64824390411377,9.068982124328613,10.783720016479492,9.617286682128906,-0.9575830698013306,-1.0009920597076416,-2.0867130756378174,-1.8754093647003174,-1.2849410772323608,0.1376468539237976,0.7564326524734497,0.11464128643274307,0.854851484298706,-0.11862136423587799,0.13750408589839935,-0.6393141150474548,0.19551590085029602,0,Buka8_pitch_2.0.wav
2565.803811743007,1864.7677032881268,4403.0,17612.0,-0.22920012474060059,0.22041748464107513,4.5421511627906976e-05,9.084302325581395e-05,0.00013626453488372093,0.0001816860465116279,0.00022710755813953488,0.00027252906976744186,0.00031795058139534886,0.0003633720930232558,0.0004087936046511628,0.00045421511627906976,0.9999811088265463,-0.025010627508163463,0.2842513285577297,0.41547208272003644,1.0,-0.0005876294433197159,0.23702533057503103,-0.0011886941501870751,0.1435304507613182,-0.863655686378479,1.863655686378479,0.3413834906231012,0.15414760539709974,0.341382984874247,0.11654234236165037,-271.5508117675781,132.55384826660156,22.165071487426758,17.21280860900879,-28.5528507232666,-16.03600311279297,1.5969421863555908,-16.841861724853516,-1.0245556831359863,-8.23257827758789,-7.1558990478515625,-14.591357231140137,-16.410165786743164,68.05730438232422,25.288427352905273,39.50876998901367,15.656825065612793,21.32152557373047,14.079874992370605,11.936927795410156,10.38886833190918,6.0199875831604,7.2240214347839355,16.9254150390625,6.771117687225342,9.106359481811523,0.27252280712127686,-0.37066689133644104,-1.4120895862579346,-1.6121917963027954,-1.5325310230255127,-0.6923627257347107,0.9539095163345337,0.09470239281654358,0.49413278698921204,0.3549087643623352,0.09239799529314041,-0.40034258365631104,-0.641625165939331,0,Buka8_stretch_0.85.wav
1141.151053073464,1080.6994287762902,3379.0,13516.0,-0.11644841730594635,0.16789333522319794,5.918560606060606e-05,0.00011837121212121212,0.0001775568181818182,0.00023674242424242425,0.0002959280303030303,0.0003551136363636364,0.00041429924242424244,0.0004734848484848485,0.0005326704545454545,0.0005918560606060606,0.999974714919466,0.08331187665462503,0.178777732886374,1.986800685834429,0.9696579575538635,0.0016271371904662377,0.17078497651646649,0.005101462593302131,0.09457816928625107,-1.0,1.9696579575538635,0.25988404468695614,-0.750472822413544,0.25987895087408525,0.0675370691074152,-249.06048583984375,145.65647888183594,11.562725067138672,19.666088104248047,-32.84489822387695,-18.440515518188477,3.091073513031006,-18.598220825195312,4.800777912139893,-6.831236362457275,-0.23129409551620483,-14.356023788452148,-18.751482009887695,76.05119323730469,21.56186866760254,37.16279983520508,16.154457092285156,20.36137580871582,16.920028686523438,12.306883811950684,10.89486312866211,5.925426959991455,7.108984470367432,14.872328758239746,7.374029636383057,9.683191299438477,-1.1156951189041138,-0.41915276646614075,-1.8727874755859375,-2.011246681213379,-1.4215975999832153,-0.6514974236488342,1.1893277168273926,-0.17176282405853271,0.6362904906272888,0.1721162497997284,0.2993620038032532,-0.4526542127132416,-1.0224676132202148,0,Buka8_stretch_1.15.wav
1116.9728190148462,1026.688407206155,3481.0,13926.0,-0.15449504554271698,0.10022719204425812,5.744485294117647e-05,0.00011488970588235294,0.00017233455882352942,0.00022977941176470588,0.00028722426470588236,0.00034466911764705885,0.0004021139705882353,0.00045955882352941176,0.0005170036764705882,0.0005744485294117647,0.9999918445424006,-0.0052525490522384866,0.1659893011674285,2.207691494489917,1.0,-0.001230845686194552,0.16308931365941218,-0.0034924752544611692,0.08606921439059079,-0.8277319073677063,1.8277319073677063,0.25330680868780286,0.7316643467698378,0.2533038182627651,0.06416282434649592,-177.14295959472656,122.26067352294922,0.42068982124328613,12.189762115478516,-15.062543869018555,-9.289366722106934,-13.873930931091309,-4.681708335876465,3.751600980758667,-8.04934024810791,3.2835891246795654,-13.720741271972656,-5.646600246429443,67.34764862060547,24.940710067749023,30.01446533203125,9.891799926757812,12.363932609558105,12.870818138122559,11.641191482543945,6.579234600067139,4.753094673156738,9.252298355102539,19.90501594543457,7.844001770019531,4.45656681060791,-2.623203992843628,-0.7304831147193909,-0.3429888188838959,-0.5832861065864563,0.09219803661108017,0.22272871434688568,-0.1974422186613083,-0.22856886684894562,0.21514543890953064,0.46823039650917053,0.28590670228004456,0.47059014439582825,0.28568512201309204,0,Buka9_noise_0.003.wav
1111.5089910103902,1021.6662179678431,3481.0,13926.0,-0.15414933860301971,0.10034062713384628,5.744485294117647e-05,0.00011488970588235294,0.00017233455882352942,0.00022977941176470588,0.00028722426470588236,0.00034466911764705885,0.0004021139705882353,0.00045955882352941176,0.0005170036764705882,0.0005744485294117647,0.9999755336272023,-0.0059980571269989125,0.16506532859057188,2.206066885106843,1.0,-0.0012510191597921397,0.16289214732871674,-0.005061125848442316,0.085410391446203,-0.8290873765945435,1.8290873765945435,0.2526865064291865,0.7326910378990796,0.25268340959083396,0.06384890548244915,-155.35862731933594,101.55884552001953,10.680618286132812,7.328594207763672,-12.61927604675293,-8.222542762756348,-14.464527130126953,-2.1354637145996094,-0.44036561250686646,-2.9999988079071045,0.16406917572021484,-10.202324867248535,-5.806602954864502,56.27973556518555,27.48195457458496,28.409887313842773,8.586878776550293,11.420805931091309,10.081402778625488,9.735444068908691,5.028285503387451,4.4948811531066895,9.615410804748535,18.143489837646484,7.331744194030762,4.626404285430908,-2.4327404499053955,-1.2813769578933716,-0.056405626237392426,-0.41961801052093506,0.12607042491436005,0.2465684413909912,-0.08245470374822617,-0.28665727376937866,0.16644437611103058,0.5445010662078857,0.22185133397579193,0.37504464387893677,0.3813275694847107,0,Buka9_noise_0.008.wav
845.0282322602296,776.7249793855158,3481.0,13926.0,-0.14587591588497162,0.10011289268732071,5.744485294117647e-05,0.00011488970588235294,0.00017233455882352942,0.00022977941176470588,0.00028722426470588236,0.00034466911764705885,0.0004021139705882353,0.00045955882352941176,0.0005170036764705882,0.0005744485294117647,0.9990209370569658,-0.033345690369605996,0.16006635129451752,2.6511317289776306,1.0,-0.0010837330287588218,0.14166838564719744,-0.0005416876228991896,0.07811111584305763,-0.8788103461265564,1.8788103461265564,0.22032367674249448,0.7179851308768728,0.22032101138124252,0.04854134805605359,-235.1322784423828,141.2725372314453,1.5290876626968384,17.519180297851562,-9.88749885559082,-15.527223587036133,-7.053886413574219,-14.399676322937012,12.873522758483887,-14.714109420776367,8.950984001159668,-6.393546104431152,-14.029948234558105,78.36605834960938,23.48501968383789,30.691307067871094,7.545607566833496,8.92407512664795,19.33840560913086,13.336343765258789,10.005332946777344,5.4929609298706055,7.093426704406738,19.932706832885742,11.250653266906738,7.249145984649658,-3.051339626312256,0.27636799216270447,-0.5284635424613953,-0.2980654537677765,-0.027681399136781693,0.3119828701019287,-0.04909693822264671,-0.1601112186908722,0.14398975670337677,0.3486482799053192,0.46258941292762756,0.5978785157203674,0.3363424241542816,0,Buka9_pitch_-1.0.wav
919.5473452693458,870.8350117969537,3379.0,13516.0,-0.14243705570697784,0.10572850704193115,5.918560606060606e-05,0.00011837121212121212,0.0001775568181818182,0.00023674242424242425,0.0002959280303030303,0.0003551136363636364,0.00041429924242424244,0.0004734848484848485,0.0005326704545454545,0.0005918560606060606,0.9992491981826891,0.0011636525392532127,0.15933476109057665,2.7573328634225964,1.0,-0.0011571545459474193,0.14937828099710967,-0.002556078019551933,0.08105895295739174,-0.8160660862922668,1.8160660862922668,0.23328944882096062,0.7938960275741026,0.2332865789636095,0.05442262792454441,-228.1991424560547,139.55592346191406,10.355849266052246,15.990456581115723,1.940930962562561,-22.650651931762695,-0.48282578587532043,-25.11174201965332,13.433701515197754,-13.957866668701172,6.356589317321777,0.9791989326477051,-18.550796508789062,74.88662719726562,19.163972854614258,38.22649002075195,9.45743465423584,9.295289993286133,26.979841232299805,13.977283477783203,11.246774673461914,6.502098560333252,6.371837139129639,12.874845504760742,16.331111907958984,7.512540340423584,-2.1249544620513916,0.6037145256996155,-1.2508776187896729,-0.31684786081314087,-0.43217283487319946,0.17763522267341614,-0.12026999890804291,-0.23449064791202545,0.018565595149993896,0.3485226035118103,0.2656581401824951,0.5507919788360596,0.1684362292289734,0,Buka9_pitch_-2.0.wav
845.0181843724754,800.2539775057477,3379.0,13516.0,-0.12004318833351135,0.11140219867229462,5.918560606060606e-05,0.00011837121212121212,0.0001775568181818182,0.00023674242424242425,0.0002959280303030303,0.0003551136363636364,0.00041429924242424244,0.0004734848484848485,0.0005326704545454545,0.0005918560606060606,0.998933789439823,-0.010346007347106945,0.15560759417712688,2.398619464107223,1.0,-0.000681306344126852,0.1429814346239489,0.0002642446634126827,0.07845688103407156,-0.8369927406311035,1.8369927406311035,0.22363567106863322,0.16254536208995266,0.22363463326592187,0.05001244919598336,-225.99472045898438,133.4443817138672,-10.166458129882812,14.699006080627441,-21.80585289001465,-4.624183654785156,-12.517851829528809,-1.8885912895202637,2.9924678802490234,-13.252388000488281,5.462190628051758,-22.19562339782715,8.097394943237305,74.16991424560547,27.44306182861328,32.04439163208008,9.520907402038574,13.613426208496094,12.699954986572266,15.127481460571289,6.75037956237793,6.808259963989258,18.513774871826172,17.912734985351562,10.369138717651367,6.002604007720947,-2.6594977378845215,-0.25063565373420715,-1.1964031457901,-0.5437362790107727,-0.08030814677476883,0.33034375309944153,-0.13802526891231537,-0.17826786637306213,0.5272851586341858,0.2936706840991974,0.509187638759613,-0.08313697576522827,0.25091439485549927,0,Buka9_pitch_1.0.wav
526.5310228715374,483.9717565315447,3481.0,13926.0,-0.07858084887266159,0.095280222594738,5.744485294117647e-05,0.00011488970588235294,0.00017233455882352942,0.00022977941176470588,0.00028722426470588236,0.00034466911764705885,0.0004021139705882353,0.00045955882352941176,0.0005170036764705882,0.0005744485294117647,0.9990893881365625,0.0029897719621658214,0.11761684063822031,3.392619807106999,1.0,-0.0008270621827687084,0.11004744062395544,-3.2780367575924174e-07,0.05823571237128533,-0.8127458691596985,1.8127458691596985,0.17391520111198644,-0.12077083701282805,0.17391323453368498,0.03024581314596852,-228.26100158691406,130.65264892578125,-16.061243057250977,15.437562942504883,-23.921653747558594,-0.1177910640835762,-14.419025421142578,7.166310787200928,-3.8599889278411865,-5.187870025634766,0.07932496815919876,-13.548604965209961,18.80020523071289,76.40934753417969,25.48484992980957,32.86527633666992,7.520510196685791,17.921979904174805,8.527230262756348,15.026054382324219,10.96840763092041,8.109797477722168,22.133432388305664,8.118515014648438,8.792588233947754,6.993430137634277,-3.933724880218506,-0.4932703375816345,-0.8031715154647827,-0.3839412331581116,0.31699299812316895,0.2409379631280899,-0.18651947379112244,0.052565205842256546,0.6354115009307861,0.47518986463546753,0.7147884964942932,0.29235655069351196,0.03949974477291107,0,Buka9_pitch_2.0.wav
1040.8996213821645,856.0469772353962,3891.0,15564.0,-0.16023489832878113,0.11532586067914963,5.139802631578947e-05,0.00010279605263157894,0.0001541940789473684,0.00020559210526315788,0.00025699013157894735,0.0003083881578947368,0.0003597861842105263,0.00041118421052631577,0.00046258223684210524,0.0005139802631578947,0.9999927851926159,-0.003484126925468456,0.18702931515872478,1.5975717394337865,1.0,-0.00089684432215429,0.1553652766415467,-0.0038695571711286902,0.09385703259613365,-0.8245165944099426,1.8245165944099426,0.23130107248323728,0.7156485868577402,0.2312993337693769,0.05349938180215761,-224.053466796875,138.1634979248047,-6.80419397354126,19.917606353759766,-16.867900848388672,-11.91730785369873,-9.823150634765625,-7.607867240905762,7.68143892288208,-14.644462585449219,10.06252384185791,-18.735782623291016,-4.758911609649658,70.03291320800781,21.56062126159668,34.62333679199219,10.222002029418945,10.872774124145508,14.963099479675293,13.285904884338379,11.241382598876953,3.967521905899048,8.462030410766602,20.731914520263672,8.230429649353027,6.995979309082031,-2.3115148544311523,-0.20365673303604126,-1.1165329217910767,-0.4313453137874603,-0.13322922587394714,0.16579590737819672,-0.18477657437324524,-0.3503817915916443,0.2634238600730896,0.25553983449935913,0.5050793886184692,0.06829597055912018,0.24428142607212067,0,Buka9_stretch_0.85.wav
662.2888853981691,713.7214364094232,2969.0,11878.0,-0.07278154790401459,0.07926912605762482,6.734913793103448e-05,0.00013469827586206896,0.00020204741379310345,0.00026939655172413793,0.00033674568965517244,0.0004040948275862069,0.0004714439655172414,0.0005387931034482759,0.0006061422413793104,0.0006734913793103449,0.9999514004688311,-0.025851571559905917,0.09627809282392263,5.447488234866727,0.7711789608001709,0.0010291237059655083,0.11691123623676349,-0.00015160627663135529,0.04833413101732731,-1.0,1.771178960800171,0.21119797700942208,-0.4692387347520551,0.2111954696419178,0.04460352639727022,-222.59542846679688,140.56723022460938,-6.937957763671875,16.57262420654297,-15.755135536193848,-9.635334968566895,-11.957569122314453,-8.511173248291016,12.821630477905273,-10.955118179321289,8.985376358032227,-17.75865364074707,-2.019913911819458,68.16896057128906,24.641874313354492,34.790523529052734,9.159005165100098,12.595132827758789,15.796212196350098,14.43923568725586,8.638030052185059,7.329206466674805,13.258493423461914,22.57075309753418,8.655923843383789,6.556350231170654,-3.24592661857605,-0.9218419194221497,-1.6223458051681519,-0.8178525567054749,-0.18868707120418549,0.23516473174095154,-0.19336815178394318,-0.34906479716300964,0.5350496172904968,0.7372168302536011,0.8075851202011108,0.31076887249946594,0.38319820165634155,0,Buka9_stretch_1.15.wav
586.5648044066354,797.0307321024345,2355.0,9420.0,-0.06468097120523453,0.043894700706005096,8.491847826086956e-05,0.00016983695652173913,0.0002547554347826087,0.00033967391304347825,0.0004245923913043478,0.0005095108695652174,0.000594429347826087,0.0006793478260869565,0.0007642663043478261,0.0008491847826086956,0.9999874414035979,-0.04366163909435272,0.07642838545143604,4.365344518331655,1.0,-6.353422128052807e-05,0.12406277364971884,-0.002241684007458389,0.0378549377201125,-0.8975666165351868,1.8975666165351868,0.22318196744270374,0.7610395013557764,0.22318195839941632,0.049810186554998796,-178.55780029296875,131.22801208496094,6.699682712554932,27.520263671875,-6.123613357543945,9.344597816467285,-2.7740478515625,-13.604166984558105,-9.820945739746094,-16.39374542236328,1.2964023351669312,-3.6419260501861572,-6.427713871002197,55.22880935668945,23.611778259277344,10.947344779968262,10.420125007629395,14.723783493041992,8.617593765258789,6.138739585876465,15.69412612915039,8.916828155517578,12.7172269821167,4.714049339294434,6.933495998382568,7.863570213317871,0.7200513482093811,1.5754026174545288,0.7347294688224792,-0.8570983409881592,-1.337361454963684,-0.8530262112617493,-0.6151506304740906,-0.3707738220691681,-0.4751204252243042,-0.6554659008979797,-0.4534470736980438,-0.7004329562187195,-0.8331595063209534,1,Tutup1_noise_0.003.wav
582.8856979452871,792.0315216241693,2355.0,9420.0,-0.06495591253042221,0.04382999241352081,8.491847826086956e-05,0.00016983695652173913,0.0002547554347826087,0.00033967391304347825,0.0004245923913043478,0.0005095108695652174,0.000594429347826087,0.0006793478260869565,0.0007642663043478261,0.0008491847826086956,0.9999874414035979,-0.04614976942539217,0.076936568133533,4.3531365999254685,1.0,-0.00012858763804032714,0.12383998382978344,-0.002301738830283284,0.03803384187631309,-0.9020904898643494,1.9020904898643494,0.22248093506981367,0.7605020327059347,0.22248089790981607,0.049497749934757994,-159.3839111328125,109.24329376220703,19.295034408569336,21.127851486206055,-2.4953577518463135,8.161789894104004,-3.973635673522949,-10.331549644470215,-13.210441589355469,-12.34320068359375,-2.019810438156128,-1.4563127756118774,-6.089476108551025,51.76253890991211,25.64120101928711,10.254494667053223,8.614242553710938,14.64081859588623,8.735458374023438,5.544131278991699,14.905837059020996,9.88200855255127,12.18444538116455,4.169735908508301,6.990776062011719,7.0345845222473145,0.9492606520652771,1.376428246498108,0.5554942488670349,-0.43283507227897644,-1.4829543828964233,-0.8676344752311707,-0.5200396180152893,-0.30096888542175293,-0.5070556998252869,-0.7677095532417297,-0.17566774785518646,-0.7263243794441223,-0.7791240215301514,1,Tutup1_noise_0.008.wav
592.6314074390737,740.8471379814969,2560.0,10240.0,-0.06367336958646774,0.054950613528490067,7.8125e-05,0.00015625,0.000234375,0.0003125,0.000390625,0.00046875,0.000546875,0.000625,0.000703125,0.00078125,0.999977095918071,-0.08223703503608704,0.08151370286941528,5.133920372866182,1.0,-2.9362462221394492e-05,0.11916455394730248,-8.475401045870967e-05,0.040590571239590645,-0.9677037000656128,1.9677037000656128,0.2151727880243634,0.44746914620451794,0.21517278602096376,0.046299327844023457,-197.36363220214844,143.74937438964844,-0.1986255943775177,35.58075714111328,-6.68919038772583,5.363544940948486,6.418102741241455,-17.284984588623047,3.6486728191375732,-22.328380584716797,2.256126642227173,-5.555231094360352,-10.208867073059082,58.16704177856445,22.805145263671875,8.469769477844238,10.682388305664062,12.72655200958252,8.660653114318848,7.490841865539551,16.868377685546875,9.183721542358398,13.722952842712402,6.040354251861572,4.565720081329346,10.834181785583496,-0.6855671405792236,0.9682320952415466,-0.08764807879924774,-0.29939737915992737,-0.8035844564437866,-0.6044601798057556,-0.5986346006393433,-0.5855262279510498,-0.3215659260749817,-0.31157228350639343,-0.21826161444187164,-0.23313163220882416,-0.6292766332626343,1,Tutup1_pitch_-1.0.wav
450.0537142227633,586.055133683097,2457.0,9830.0,-0.058413226157426834,0.05797802284359932,8.138020833333333e-05,0.00016276041666666666,0.000244140625,0.0003255208333333333,0.0004069010416666667,0.00048828125,0.0005696614583333334,0.0006510416666666666,0.000732421875,0.0008138020833333334,0.9999760381500266,0.055563345551490784,0.08048602938652039,5.961733748967342,0.9192060828208923,-9.15431326944157e-05,0.10883478332795093,-6.543715426232666e-05,0.04019195829459932,-1.0,1.9192060828208923,0.19137780703268323,-0.29378850163956677,0.19137778513843712,0.0366254566444938,-200.65603637695312,144.45875549316406,5.59144401550293,29.527231216430664,0.4750341773033142,-1.5682039260864258,18.633499145507812,-19.136613845825195,6.841423988342285,-22.778671264648438,-0.5328991413116455,1.9776791334152222,-10.689640045166016,58.86360549926758,22.519725799560547,8.33676815032959,7.520825386047363,12.058568000793457,7.470595836639404,9.939788818359375,12.637140274047852,10.416486740112305,13.110214233398438,10.657196044921875,5.246983051300049,12.30634880065918,-0.5130415558815002,1.6413341760635376,0.615627646446228,-0.18226107954978943,-1.0007140636444092,-0.8603527545928955,-0.3191537857055664,-0.7438292503356934,-0.36198243498802185,-0.5242882370948792,-0.3900420069694519,-0.05015796050429344,-0.9318488836288452,1,Tutup1_pitch_-2.0.wav
558.6283530608588,698.3399991385062,2560.0,10240.0,-0.06440349668264389,0.05104145035147667,7.8125e-05,0.00015625,0.000234375,0.0003125,0.000390625,0.00046875,0.000546875,0.000625,0.000703125,0.00078125,1.0000000000000002,-0.08954410254955292,0.07611087802797556,4.7195340696526635,1.0,0.00010072766830525326,0.11714060272061384,-0.00018542625184636563,0.03768283873796463,-0.9809892773628235,1.9809892773628235,0.20890868838533164,0.6272890781275957,0.20890866410184245,0.04364282993681643,-191.708251953125,139.64295959472656,-8.151778221130371,33.94770812988281,-14.458684921264648,13.415873527526855,-13.682478904724121,-11.290315628051758,-7.0104146003723145,-11.520336151123047,8.505167961120605,-10.234821319580078,6.678795337677002,56.97288513183594,22.691875457763672,9.121108055114746,11.510250091552734,13.536378860473633,8.094110488891602,9.70291805267334,16.17693328857422,9.129919052124023,12.272292137145996,4.845181465148926,9.360651969909668,6.500335216522217,-1.3043185472488403,0.6995300650596619,0.04862169176340103,-0.4101210832595825,-0.7513522505760193,-0.7298697233200073,-0.918608546257019,-0.7416912317276001,-0.3907102048397064,-0.5178597569465637,-0.39477670192718506,-0.8188679218292236,-0.629785418510437,1,Tutup1_pitch_1.0.wav
568.9327649138802,740.8581621731979,2457.0,9830.0,-0.0636165663599968,0.049851540476083755,8.138020833333333e-05,0.00016276041666666666,0.000244140625,0.0003255208333333333,0.0004069010416666667,0.00048828125,0.0005696614583333334,0.0006510416666666666,0.000732421875,0.0008138020833333334,0.9999880190750132,-0.05654996931552886,0.07878446020185947,5.361574308922021,1.0,7.660360630293989e-05,0.11773445449207393,-9.740047607920133e-05,0.0395305147721956,-0.9209999442100525,1.9209999442100525,0.2151740387136676,0.15521515748874304,0.21517402507793185,0.04629986106823844,-192.05824279785156,137.5625457763672,-5.227663516998291,33.42625427246094,-17.597517013549805,16.30361557006836,-18.809303283691406,-9.189284324645996,-14.47277545928955,-4.105953216552734,5.907842636108398,-8.261905670166016,13.340367317199707,57.62377166748047,22.92782211303711,8.159867286682129,12.419746398925781,16.865631103515625,10.521227836608887,12.98708724975586,16.422212600708008,10.718379974365234,9.338970184326172,6.700170040130615,9.420507431030273,7.845587730407715,-0.13843627274036407,1.8523286581039429,0.1379207968711853,-0.9501655697822571,-1.5213710069656372,-0.5391799807548523,-0.34230124950408936,-0.8341610431671143,-0.8007375597953796,-0.8715497851371765,-0.26562660932540894,-0.918001115322113,-0.18859753012657166,1,Tutup1_pitch_2.0.wav
587.8643755088116,656.1444023816522,2867.0,11468.0,-0.06179555132985115,0.050326600670814514,6.975446428571428e-05,0.00013950892857142856,0.00020926339285714285,0.00027901785714285713,0.00034877232142857144,0.0004185267857142857,0.00048828125,0.0005580357142857143,0.0006277901785714286,0.0006975446428571429,0.9999898960424096,-0.01228509545326234,0.07727604452520609,4.677279277036248,1.0,0.0001718532138956706,0.11331967382904022,-0.00011714574429788627,0.038302041590213776,-0.8405183553695679,1.8405183553695679,0.20249978910179914,0.3663845381775621,0.20249971617942086,0.04100613505274601,-202.1792449951172,142.70423889160156,-3.8931174278259277,37.66337585449219,-10.428592681884766,12.207414627075195,-2.0988614559173584,-13.4345121383667,-4.511096000671387,-20.03976058959961,6.490107536315918,-5.417663097381592,-3.5040078163146973,55.714622497558594,22.823665618896484,7.782949924468994,11.624482154846191,13.48435115814209,8.09170913696289,6.229455471038818,17.338964462280273,11.907530784606934,14.205288887023926,4.548778533935547,7.285137176513672,7.796819686889648,-2.1443662643432617,0.638597309589386,0.5684959888458252,-0.47302407026290894,-0.4965611398220062,-0.7382366061210632,-0.3577922284603119,-0.3443552851676941,-0.031071631237864494,-0.4851354658603668,-0.3521421551704407,-0.4740658104419708,-0.5684521794319153,1,Tutup1_stretch_0.85.wav
412.4681890769923,613.8490396457889,2150.0,8601.0,-0.053469303995370865,0.04865918681025505,9.300595238095238e-05,0.00018601190476190475,0.00027901785714285713,0.0003720238095238095,0.0004650297619047619,0.0005580357142857143,0.0006510416666666666,0.000744047619047619,0.0008370535714285714,0.0009300595238095238,0.9999999999999998,-0.02329341173171995,0.06846347730606794,5.535375111167717,1.0,0.00015002032904743947,0.1077610027316706,2.661756070665433e-06,0.034307155794294886,-0.8605334758758545,1.8605334758758545,0.19586218816288256,0.29959313841376267,0.19586213070895883,0.038361974245853275,-206.25274658203125,144.2076416015625,-5.375599384307861,34.94300842285156,-11.275079727172852,12.312125205993652,-2.350235939025879,-15.608928680419922,-4.437629222869873,-19.25471305847168,6.665292739868164,-7.182976245880127,-2.744856119155884,58.30535125732422,24.43644142150879,8.771754264831543,9.881654739379883,14.265530586242676,8.741277694702148,7.5645647048950195,15.710005760192871,10.231420516967773,14.48069953918457,3.8286867141723633,6.273242473602295,7.847219944000244,2.067049980163574,2.3545033931732178,0.3328322172164917,-1.0598841905593872,-1.5265743732452393,-0.7549470663070679,-0.6316117644309998,-1.3765405416488647,-0.6501157283782959,-1.153228521347046,-0.11580097675323486,-0.6798706650733948,-1.0576107501983643,1,Tutup1_stretch_1.15.wav
1693.2560493037859,2116.735431585325,2560.0,10240.0,-0.2611020505428314,0.23782004415988922,7.8125e-05,0.00015625,0.000234375,0.0003125,0.000390625,0.00046875,0.000546875,0.000625,0.000703125,0.00078125,1.0000000000000002,-0.09291559159755708,0.3247875086963177,0.3142398168015914,1.0,0.0014783156331004933,0.25984808522138453,-0.006535980384796858,0.16245651664212346,-0.9871192574501038,1.9871192574501038,0.3637109138476027,0.19611341751746061,0.36370790950259413,0.1322834434347472,-128.57212829589844,95.73543548583984,7.8957295417785645,-0.9986504912376404,-45.945552825927734,-26.43741798400879,-2.8536031246185303,-25.180095672607422,-4.868088722229004,-12.611191749572754,-18.435380935668945,-0.3802863359451294,-2.0734431743621826,75.57865905761719,31.635934829711914,20.144901275634766,18.697086334228516,17.723947525024414,8.84743595123291,15.542238235473633,9.236379623413086,10.689183235168457,8.451522827148438,10.572103500366211,9.364068984985352,11.120031356811523,-5.739346981048584,4.025694847106934,2.475956916809082,-1.0799357891082764,-0.45323804020881653,-0.3698975443840027,-0.7814291715621948,-0.29396679997444153,0.29369351267814636,-0.4438086152076721,-0.33315709233283997,0.5491912364959717,-0.5860022902488708,1,tutup10_noise_0.003.wav
1684.501771602838,2105.7917294824133,2560.0,10240.0,-0.2613881826400757,0.23749445378780365,7.8125e-05,0.00015625,0.000234375,0.0003125,0.000390625,0.00046875,0.000546875,0.000625,0.000703125,0.00078125,1.0000000000000002,-0.08792602121829984,0.3256935626268387,0.31321548357529005,1.0,0.0014847454553378724,0.2592481373083564,-0.006071638781577349,0.16291528940200806,-0.9780473113059998,1.9780473113059998,0.3627694872869984,0.1948689599262962,0.362766448886063,0.13159949643740457,-115.67621612548828,85.90721130371094,9.698161125183105,-1.2984130382537842,-43.43830108642578,-24.53099822998047,-5.20738410949707,-22.279956817626953,-6.693648815155029,-10.632796287536621,-17.762977600097656,-0.7194518446922302,-0.5120232105255127,63.10619354248047,25.47786521911621,19.51165199279785,17.080482482910156,18.25550079345703,7.980734348297119,13.934279441833496,7.943391799926758,9.865276336669922,8.597431182861328,8.960434913635254,8.679381370544434,9.433469772338867,-4.109299182891846,2.711308717727661,2.4974403381347656,-0.9419412016868591,-0.22750738263130188,-0.3515750467777252,-0.9495941996574402,-0.16010214388370514,0.10501857846975327,-0.2558595836162567,-0.22589118778705597,0.32048559188842773,-0.43444597721099854,1,tutup10_noise_0.008.wav
936.4262006687444,1170.6242058520127,2560.0,10240.0,-0.16164140403270721,0.1835125982761383,7.8125e-05,0.00015625,0.000234375,0.0003125,0.000390625,0.00046875,0.000546875,0.000625,0.000703125,0.00078125,0.9999885479590356,0.040757760405540466,0.250191492959857,1.0024577128807737,0.8922868371009827,-0.00018259943654619804,0.19054874730534016,0.005300828954204917,0.12628193199634552,-1.0,1.8922868371009827,0.27047790469324046,-0.23934843916216983,0.27047784305686007,0.07315826358469142,-160.87985229492188,100.98686218261719,10.39985179901123,3.8864521980285645,-40.10958480834961,-33.774864196777344,3.091413736343384,-26.392946243286133,-6.312722206115723,-5.966965675354004,-22.25497055053711,-5.8192949295043945,-1.2525547742843628,81.37394714355469,36.52149963378906,18.216781616210938,19.019643783569336,15.711833000183105,13.034194946289062,13.907163619995117,9.139483451843262,11.314920425415039,6.642978668212891,15.341179847717285,8.050552368164062,5.608360290527344,-7.418310165405273,4.853888988494873,2.145599126815796,-1.113715648651123,-0.8843791484832764,-0.6845830678939819,-0.6886487603187561,-0.6874037981033325,0.46305954456329346,-0.3463796377182007,-1.088057279586792,0.8210892081260681,-0.061949171125888824,1,tutup10_pitch_-1.0.wav
692.7827734304191,698.413734162101,3174.0,12697.0,-0.12154724448919296,0.12517660856246948,6.300403225806451e-05,0.00012600806451612903,0.00018901209677419354,0.00025201612903225806,0.00031502016129032257,0.0003780241935483871,0.0004410282258064516,0.0005040322580645161,0.0005670362903225807,0.0006300403225806451,0.9999819397603829,-0.030379557609558128,0.1490834504365921,1.8333397493824934,1.0,-0.0005916302465393848,0.13948384208899972,0.00048430811148136854,0.07459783554077148,-0.8734173774719238,1.8734173774719238,0.208921296676623,-0.08483358503560408,0.20892045897588132,0.04364775817869291,-185.0004119873047,99.99156188964844,15.355978012084961,9.833253860473633,-20.722694396972656,-37.66084671020508,4.773810386657715,-23.581371307373047,-4.855000972747803,-4.257176399230957,-13.316661834716797,-7.695653438568115,-1.7755212783813477,92.99642944335938,36.028629302978516,18.341230392456055,19.937116622924805,19.730266571044922,22.5871639251709,13.11355209350586,9.201019287109375,11.943131446838379,9.060018539428711,14.850826263427734,10.079017639160156,7.3093671798706055,-0.8542478680610657,2.1322741508483887,1.3799521923065186,-0.2471792995929718,-0.8720552325248718,-1.0107465982437134,-0.7854403853416443,-0.2992689311504364,-0.6772400140762329,0.13080237805843353,-0.7971532940864563,-0.8180327415466309,-0.5705341100692749,1,tutup10_pitch_-2.0.wav
675.9312092339231,704.1408521220633,3072.0,12288.0,-0.1183912605047226,0.11410676687955856,6.510416666666667e-05,0.00013020833333333333,0.0001953125,0.00026041666666666666,0.0003255208333333333,0.000390625,0.0004557291666666667,0.0005208333333333333,0.0005859375,0.0006510416666666666,0.9999999999999999,0.06313854157924648,0.1404714658856392,1.9591297451911398,0.932979166507721,0.00034855174910020104,0.13801274318011983,0.0006565245275851339,0.07005851715803146,-1.0,1.932979166507721,0.20977592354978888,-0.04004457806155215,0.20977563398270324,0.044005816612845076,-192.59402465820312,101.85464477539062,-0.16705629229545593,3.8303020000457764,-44.69174575805664,-14.496158599853516,-7.676530838012695,-23.141042709350586,-2.6537599563598633,-14.935312271118164,-6.799855709075928,2.9506118297576904,-3.3485143184661865,86.72913360595703,33.49898147583008,14.48342227935791,26.968189239501953,25.999759674072266,11.764259338378906,14.078384399414062,13.66763973236084,10.873514175415039,13.652975082397461,12.148691177368164,6.950154781341553,13.98565673828125,1.1728606224060059,2.6808865070343018,0.7075635194778442,-1.8157529830932617,-1.5699462890625,-1.1589022874832153,-0.002634410047903657,-1.1914925575256348,-0.21341736614704132,-0.9002329111099243,-0.7050963640213013,-0.020706631243228912,0.3077368140220642,1,tutup10_pitch_1.0.wav
1154.2085439234816,1442.87340438907,2560.0,10240.0,-0.20186810195446014,0.22333762049674988,7.8125e-05,0.00015625,0.000234375,0.0003125,0.000390625,0.00046875,0.000546875,0.000625,0.000703125,0.00078125,0.999977095918071,0.05740992128849021,0.29343661293387413,0.48057475853607157,0.9225634932518005,0.001550540511604197,0.21678990944722112,0.005515531403943896,0.14756261557340622,-1.0,1.9225634932518005,0.3002874331270325,-0.2171117599556648,0.30028342997598767,0.09017013831814388,-163.27549743652344,100.87165832519531,-3.364415168762207,-9.25992488861084,-57.64586639404297,-10.380127906799316,-12.734579086303711,-24.17360496520996,-4.2463178634643555,-19.87868881225586,-4.705366134643555,3.012214183807373,-9.445850372314453,79.89158630371094,35.44549560546875,17.307958602905273,21.66139030456543,16.618301391601562,10.04101276397705,11.264780044555664,8.607129096984863,10.888325691223145,14.965296745300293,7.451389789581299,6.490683555603027,12.588071823120117,-6.541942119598389,4.843715190887451,1.482322096824646,-1.7919096946716309,-0.6547160744667053,-0.963593602180481,-0.44487252831459045,-0.22617410123348236,-0.13812705874443054,-1.05789053440094,0.9478283524513245,-0.021295133978128433,-0.4768422245979309,1,tutup10_pitch_2.0.wav
926.3812604423999,782.457908835897,3788.0,15155.0,-0.12134021520614624,0.1283617466688156,5.2787162162162165e-05,0.00010557432432432433,0.0001583614864864865,0.00021114864864864866,0.0002639358108108108,0.000316722972972973,0.00036951013513513516,0.0004222972972972973,0.0004750844594594595,0.0005278716216216217,0.9999925701347121,0.08225998282432556,0.1445622406899929,1.3831342699474574,0.9677454233169556,0.0007813027886237401,0.14608653460391904,0.0007292746158782393,0.07213788913213648,-1.0,1.9677454233169556,0.2211357904522946,-0.054021782889858205,0.22113441022354174,0.04890042738491364,-194.75148010253906,102.19441223144531,3.1319401264190674,6.546881675720215,-39.09332275390625,-21.55194854736328,-4.277876377105713,-22.88650131225586,-1.595605731010437,-11.477927207946777,-12.280060768127441,0.49192389845848083,-3.9195103645324707,90.1524658203125,33.70441818237305,16.395051956176758,24.89573097229004,22.885093688964844,16.296926498413086,14.236409187316895,12.354138374328613,9.961526870727539,8.070032119750977,14.872282981872559,10.042933464050293,11.741272926330566,-2.3501768112182617,1.7886719703674316,1.1875805854797363,-0.5689414143562317,-0.8741161823272705,-1.1363980770111084,-0.21994444727897644,-0.30754777789115906,-0.1452941745519638,-0.38898906111717224,-0.8931987285614014,-0.6307761073112488,-0.21973352134227753,1,tutup10_stretch_0.85.wav
720.5245414809847,1023.5632303734134,2252.0,9011.0,-0.17637662589550018,0.13979001343250275,8.87784090909091e-05,0.0001775568181818182,0.00026633522727272725,0.0003551136363636364,0.00044389204545454544,0.0005326704545454545,0.0006214488636363636,0.0007102272727272727,0.0007990056818181819,0.0008877840909090909,0.9999868080002773,-0.05548768341541288,0.21989234909415245,1.764234547041851,1.0,-0.0008576314191513349,0.17376421990656568,-0.00646562478505075,0.11136166728101671,-0.9190685153007507,1.9190685153007507,0.25291702691522877,0.5518482660335762,0.2529155728143038,0.06396628697198743,-170.85948181152344,100.80359649658203,3.9880692958831787,-1.0622113943099976,-48.43097686767578,-30.803058624267578,-4.965755939483643,-28.702547073364258,-7.181996822357178,-14.43632698059082,-18.870168685913086,-1.7270010709762573,-0.7860488891601562,83.82337188720703,37.183441162109375,19.025619506835938,17.63089942932129,15.726434707641602,9.305853843688965,13.459203720092773,8.962361335754395,10.621146202087402,6.709259986877441,11.444515228271484,10.431083679199219,11.815385818481445,-9.208773612976074,4.947756767272949,2.348928451538086,-0.21754157543182373,0.15029276907444,-0.17952844500541687,-0.7914218902587891,-0.44049155712127686,0.4756929874420166,-0.3973550796508789,0.36326098442077637,1.175642728805542,-0.53431636095047,1,tutup10_stretch_1.15.wav
3028.5280895498336,2013.7326780865785,4812.0,19251.0,-0.29194629192352295,0.2859269678592682,4.1555851063829786e-05,8.311170212765957e-05,0.00012466755319148935,0.00016622340425531914,0.00020777925531914894,0.0002493351063829787,0.0002908909574468085,0.0003324468085106383,0.0003740026595744681,0.0004155585106382979,0.9999486069083244,-0.0733815163373947,0.46513086557388306,0.10934405905169386,1.0,0.0005310285634779211,0.27222320039262327,-9.543242049403489e-05,0.23283676264691167,-0.9516027569770813,1.9516027569770813,0.35475775147550737,0.06822652043647534,0.3547573540331795,0.12585278024062263,-241.7178192138672,98.7968978881836,21.366363525390625,15.818181037902832,-24.462026596069336,-16.822561264038086,-10.96558666229248,-17.63562774658203,-11.075339317321777,-27.365991592407227,-14.630882263183594,-0.608066976070404,-6.7116780281066895,49.4210090637207,11.733891487121582,17.048919677734375,13.151775360107422,10.899820327758789,6.678750991821289,6.057425498962402,8.30410099029541,12.166852951049805,7.65120267868042,6.606446743011475,5.070291519165039,5.1540985107421875,-3.1230709552764893,0.005501041654497385,0.694119930267334,-1.0434188842773438,-0.2820954918861389,-0.04151870682835579,-0.09931174665689468,0.08998281508684158,0.45610132813453674,0.005062977317720652,-0.30066123604774475,-0.2921723425388336,-0.21030835807323456,1,tutup11_noise_0.003.wav
3027.4776582106824,2013.0342239692025,4812.0,19251.0,-0.2919272184371948,0.28564056754112244,4.1555851063829786e-05,8.311170212765957e-05,0.00012466755319148935,0.00016622340425531914,0.00020777925531914894,0.0002493351063829787,0.0002908909574468085,0.0003324468085106383,0.0003740026595744681,0.0004155585106382979,0.9999771586259217,-0.07809168100357056,0.4647744633257389,0.10952418490514937,1.0,0.0005210085456215091,0.27222939924548356,-7.923873636173084e-05,0.23284337669610977,-0.9601666927337646,1.9601666927337646,0.35469622307500726,0.06771078946090872,0.3546958404235532,0.12580913921377068,-208.50048828125,76.05663299560547,23.04987144470215,13.08574390411377,-20.978042602539062,-14.287713050842285,-14.447787284851074,-14.541712760925293,-13.655869483947754,-21.748924255371094,-15.411853790283203,-1.9654254913330078,-3.9354724884033203,39.977657318115234,13.90207290649414,12.662309646606445,11.853034973144531,9.931017875671387,6.004210948944092,5.760236740112305,7.700992107391357,11.023305892944336,7.822232246398926,5.964314937591553,5.099242687225342,3.7379071712493896,-2.551732301712036,-0.41744527220726013,0.7208340167999268,-0.7948738932609558,-0.37694093585014343,0.07188230752944946,-0.010676354169845581,0.1222301721572876,0.4321185052394867,0.12398359924554825,-0.2951054275035858,-0.19360089302062988,-0.10666381567716599,1,tutup11_noise_0.008.wav
2368.400648523059,1574.7999159027945,4812.0,19251.0,-0.24899013340473175,0.23771899938583374,4.1555851063829786e-05,8.311170212765957e-05,0.00012466755319148935,0.00016622340425531914,0.00020777925531914894,0.0002493351063829787,0.0002908909574468085,0.0003324468085106383,0.0003740026595744681,0.0004155585106382979,0.9999714482824023,-0.02728029489517214,0.3870932124555111,0.4455765964659282,1.0,-0.0005262132857695026,0.23702828972962425,0.0023728024680167437,0.19205591711215675,-0.8677823543548584,1.8677823543548584,0.3137210617881785,0.03257000642239629,0.31372062047159094,0.09842062770908,-280.6414794921875,112.53011322021484,31.55167579650879,18.451936721801758,-15.526501655578613,-27.113075256347656,-7.715026378631592,-26.582427978515625,-4.657320499420166,-27.50133514404297,-18.92899513244629,-3.881157875061035,-13.300923347473145,52.94185256958008,12.213533401489258,22.250516891479492,12.298111915588379,8.291685104370117,11.612788200378418,6.733648777008057,7.281075477600098,10.028796195983887,9.086394309997559,6.360348701477051,4.972901821136475,7.236075401306152,-3.443619966506958,0.20043309032917023,0.764385998249054,-0.8639588952064514,-0.4725841283798218,0.012519950978457928,-0.2972244322299957,-0.06409332901239395,0.2951202690601349,0.21252167224884033,-0.24143491685390472,-0.25698480010032654,-0.39635756611824036,1,tutup11_pitch_-1.0.wav
3183.558242211816,2116.815520732621,4812.0,19251.0,-0.30354949831962585,0.29167264699935913,4.1555851063829786e-05,8.311170212765957e-05,0.00012466755319148935,0.00016622340425531914,0.00020777925531914894,0.0002493351063829787,0.0002908909574468085,0.0003324468085106383,0.0003740026595744681,0.0004155585106382979,0.9999828689694413,0.08175519704818734,0.4926877021789551,-0.058566433740207646,0.9668276309967041,0.0004281025491904354,0.2814865035556286,0.007640680763870478,0.24567143619060516,-1.0,1.966827630996704,0.3637244453791661,-0.1265187107935675,0.36372419344138956,0.13229528889458936,-277.2761535644531,102.0866470336914,37.28145217895508,11.691326141357422,-7.033977508544922,-33.0830192565918,-1.8378406763076782,-29.18711280822754,-0.9203357696533203,-22.17987060546875,-23.54534339904785,-10.495925903320312,-11.424456596374512,52.881221771240234,12.972405433654785,22.624950408935547,12.584310531616211,9.750494956970215,12.42452335357666,5.208555698394775,6.957760334014893,11.640311241149902,11.337457656860352,6.655697345733643,4.86029577255249,5.779834270477295,-3.383676528930664,0.3376128673553467,0.7453979849815369,-0.861850917339325,-0.8258031010627747,0.04934094473719597,-0.23214112222194672,0.066885806620121,0.21645061671733856,0.501762330532074,-0.1480182558298111,-0.14774616062641144,-0.30118539929389954,1,tutup11_pitch_-2.0.wav
1676.8606209633772,1069.469045139476,5017.0,20070.0,-0.21559372544288635,0.19924017786979675,3.985969387755102e-05,7.971938775510203e-05,0.00011957908163265306,0.00015943877551020407,0.0001992984693877551,0.00023915816326530612,0.00027901785714285713,0.00031887755102040814,0.0003587372448979592,0.0003985969387755102,0.9999563621098987,-0.020858290791511525,0.33687691763043404,0.30107782465444055,1.0,-0.00045473855617742144,0.19546640931584855,-0.0016559906071051955,0.16796403378248215,-0.8561059832572937,1.8561059832572937,0.2585326885075083,0.24210141676583818,0.25853228858261756,0.06683894423976586,-296.7848205566406,113.23702239990234,19.69576072692871,15.218095779418945,-28.56209945678711,-16.433141708374023,-14.274798393249512,-22.760753631591797,-16.73674201965332,-30.524620056152344,-4.886050701141357,-2.412153482437134,2.0695078372955322,59.13168716430664,11.248126983642578,20.201732635498047,14.467158317565918,12.354795455932617,7.464964389801025,7.384129047393799,10.509428024291992,11.325959205627441,9.924784660339355,8.630438804626465,4.476536750793457,5.160255432128906,-3.7374398708343506,0.15202030539512634,0.8720616102218628,-1.1562705039978027,-0.2249494194984436,0.14855250716209412,0.08733625710010529,0.255378782749176,0.4492794871330261,-0.19086940586566925,-0.38871508836746216,-0.17557165026664734,-0.08433502167463303,1,tutup11_pitch_1.0.wav
2585.593057867421,1649.0408947215187,5017.0,20070.0,-0.27762648463249207,0.2632964849472046,3.985969387755102e-05,7.971938775510203e-05,0.00011957908163265306,0.00015943877551020407,0.0001992984693877551,0.00023915816326530612,0.00027901785714285713,0.00031887755102040814,0.0003587372448979592,0.0003985969387755102,0.9999781810549493,-0.06495243310928345,0.43258732557296753,-0.13776933593243612,1.0,-0.0004682010115003599,0.24834792617864454,-0.0006787492893636227,0.2157941535115242,-0.9362771511077881,1.936277151107788,0.32103106980246704,0.08188426896777631,0.32103072838332675,0.10306072856632931,-258.187255859375,112.27445983886719,14.115192413330078,9.068361282348633,-33.66379928588867,-16.75902557373047,-17.219884872436523,-21.13961410522461,-16.914228439331055,-28.163002014160156,9.198688507080078,-1.9802536964416504,16.185718536376953,60.28558349609375,9.75565242767334,19.11931610107422,14.16989517211914,11.888776779174805,5.9818115234375,9.658767700195312,11.713318824768066,9.26215934753418,11.840665817260742,5.919708728790283,5.162511348724365,5.884459495544434,-3.814547061920166,0.3193911015987396,0.569761335849762,-1.3305221796035767,-0.30120253562927246,0.044384270906448364,0.20556050539016724,0.19969217479228973,0.0602700375020504,-0.5089012980461121,-0.4024614989757538,0.029158348217606544,0.1263757050037384,1,tutup11_pitch_2.0.wav
3283.13726406314,1865.4851459572512,5632.0,22528.0,-0.27767282724380493,0.26776832342147827,3.5511363636363635e-05,7.102272727272727e-05,0.0001065340909090909,0.00014204545454545454,0.0001775568181818182,0.0002130681818181818,0.00024857954545454543,0.0002840909090909091,0.0003196022727272727,0.0003551136363636364,0.9999759755771288,-0.030033570528030407,0.4423702098429203,0.11704701850435928,1.0,-0.0003686825254341386,0.26080731009128033,0.00021752734755864367,0.22041508555412292,-0.8727883100509644,1.8727883100509644,0.3414508474908829,0.04251933007396227,0.34145064844782125,0.11658854532543762,-290.9414978027344,108.93048858642578,24.43385124206543,16.336545944213867,-27.463308334350586,-20.12605857849121,-10.616049766540527,-21.374691009521484,-11.688769340515137,-31.586456298828125,-16.158435821533203,1.764341950416565,-5.971988677978516,51.209129333496094,12.644681930541992,20.291593551635742,14.563447952270508,12.666842460632324,8.163958549499512,5.678194522857666,8.254603385925293,11.753860473632812,8.79333782196045,7.9052534103393555,6.171718120574951,5.809854984283447,-2.1174075603485107,0.41682595014572144,0.46372169256210327,-1.177642822265625,-0.6475568413734436,-0.25717470049858093,-0.04760956019163132,0.04656171798706055,0.4029356837272644,-0.09254737943410873,-0.3771166503429413,-0.1277773231267929,-0.17581698298454285,1,tutup11_stretch_0.85.wav
828.5052555445259,588.4531490527995,4505.0,18022.0,-0.12653040885925293,0.11736178398132324,4.438920454545455e-05,8.87784090909091e-05,0.00013316761363636363,0.0001775568181818182,0.00022194602272727272,0.00026633522727272725,0.0003107244318181818,0.0003551136363636364,0.00039950284090909093,0.00044389204545454544,0.9999877203459401,-0.05308724641799928,0.18004636839032173,2.626908605084834,1.0,0.0005445560746327384,0.13274729700894852,-0.002511948230676353,0.0900869108736515,-0.9147040843963623,1.9147040843963623,0.1917724934795135,0.20101593814529703,0.1917717203187989,0.03677639271403163,-263.7273254394531,119.8087158203125,14.96044635772705,20.32889747619629,-24.522722244262695,-21.43091583251953,-10.182747840881348,-21.508039474487305,-4.51384973526001,-31.0418758392334,-13.032824516296387,4.577543258666992,-11.097037315368652,62.021095275878906,11.493597030639648,21.06121253967285,15.29470157623291,11.725004196166992,10.497673988342285,7.162031173706055,9.088834762573242,14.890958786010742,10.653759956359863,8.436092376708984,5.033942222595215,7.938872337341309,-4.853418827056885,0.1052602156996727,1.2226251363754272,-1.475425362586975,0.010986672714352608,0.11676198244094849,0.1215289831161499,0.23814131319522858,0.39787423610687256,0.0653529167175293,-0.14674217998981476,-0.08977416157722473,-0.02800179086625576,1,tutup11_stretch_1.15.wav
2628.7689431964855,1392.4025256114069,6041.0,24166.0,-0.23657354712486267,0.2411959171295166,3.3103813559322034e-05,6.620762711864407e-05,9.931144067796611e-05,0.00013241525423728814,0.00016551906779661016,0.00019862288135593222,0.00023172669491525424,0.00026483050847457627,0.0002979343220338983,0.0003310381355932203,0.9999688594701694,0.05955986678600311,0.3952542617917061,0.5547301920797225,0.9264724850654602,-6.542768901608261e-05,0.22658278220376651,0.01012679748237133,0.19736568816006184,-1.0,1.9264724850654602,0.2949953846861209,-0.35884194867394764,0.2949953774304438,0.08702227270532997,-264.0860595703125,106.17305755615234,24.54813003540039,15.132593154907227,-12.853734016418457,-10.938017845153809,-9.985200881958008,-10.814131736755371,-16.516319274902344,-21.95622444152832,-9.280678749084473,-6.929646968841553,-8.635393142700195,45.027034759521484,11.341760635375977,11.422849655151367,10.417352676391602,9.224692344665527,5.015974521636963,7.583023548126221,8.10828971862793,8.213262557983398,6.253634452819824,3.6688356399536133,5.204532623291016,4.324239253997803,-3.501052141189575,-0.521424412727356,0.9578710198402405,-0.5138805508613586,-0.19597676396369934,-0.10365317761898041,0.2497488409280777,0.5033310055732727,0.3344588875770569,0.35722616314888,-0.17703905701637268,-0.18292996287345886,0.0317329503595829,1,tutup12_noise_0.003.wav
2657.32524342146,1407.528185345892,6041.0,24166.0,-0.23767192661762238,0.24225680530071259,3.3103813559322034e-05,6.620762711864407e-05,9.931144067796611e-05,0.00013241525423728814,0.00016551906779661016,0.00019862288135593222,0.00023172669491525424,0.00026483050847457627,0.0002979343220338983,0.0003310381355932203,0.9999688594701696,0.059124875068664595,0.39672742784023285,0.5546603729059894,0.9256815910339355,-5.4963083072476546e-05,0.22786269711610932,0.009959801100194454,0.19830587413161993,-1.0,1.9256815910339355,0.2965933232975821,-0.3582695460794033,0.29659331820485024,0.08796759640376356,-220.9617462158203,79.65642547607422,25.476478576660156,11.960345268249512,-10.524054527282715,-8.886730194091797,-11.256999969482422,-9.175896644592285,-16.719810485839844,-15.819540023803711,-12.162867546081543,-6.073636531829834,-6.514470100402832,33.36933135986328,13.981975555419922,7.986212253570557,9.141600608825684,7.671599388122559,4.685868740081787,6.471604347229004,7.123476028442383,6.719937324523926,6.055492401123047,3.310822010040283,4.860591888427734,3.2597601413726807,-2.566432237625122,-0.8397057056427002,0.6699113249778748,-0.42745211720466614,-0.21924947202205658,-0.06328877061605453,0.31044802069664,0.42515599727630615,0.34944361448287964,0.384583979845047,-0.12838251888751984,-0.13765949010849,-0.0350353829562664,1,tutup12_noise_0.008.wav
2977.3626674699417,1550.7602031159565,6144.0,24576.0,-0.2679840326309204,0.24986279010772705,3.255208333333333e-05,6.510416666666667e-05,9.765625e-05,0.00013020833333333333,0.00016276041666666666,0.0001953125,0.00022786458333333334,0.00026041666666666666,0.00029296875,0.0003255208333333333,0.99995632612566,0.07871064841747288,0.4317461661994457,0.25252048356309276,0.9612920880317688,-9.090314806517638e-05,0.24082662832163482,0.008172013331204653,0.21448244852945209,-1.0,1.9612920880317688,0.31131873966248347,-0.2354434167773707,0.3113187263909045,0.09691934940165486,-287.439208984375,120.95519256591797,24.981264114379883,16.230911254882812,-10.209633827209473,-16.898576736450195,-6.180564880371094,-11.421416282653809,-9.155400276184082,-27.888450622558594,-14.320018768310547,-5.864979267120361,-15.604890823364258,51.25056838989258,10.924162864685059,14.682916641235352,9.946463584899902,11.358257293701172,8.293655395507812,8.962175369262695,8.631763458251953,7.6297383308410645,9.002028465270996,3.7011125087738037,5.539578437805176,6.315187931060791,-3.322859048843384,-0.2640456557273865,1.09690523147583,-0.557039737701416,-0.4622889459133148,-0.32752031087875366,-0.01008146908134222,0.4293988347053528,0.12123115360736847,0.3434738218784332,-0.08015114814043045,-0.3221025764942169,-0.05703681707382202,1,tutup12_pitch_-1.0.wav
2455.068649450139,1300.3972056543923,6041.0,24166.0,-0.17217981815338135,0.16902059316635132,3.3103813559322034e-05,6.620762711864407e-05,9.931144067796611e-05,0.00013241525423728814,0.00016551906779661016,0.00019862288135593222,0.00023172669491525424,0.00026483050847457627,0.0002979343220338983,0.0003310381355932203,0.999986654058644,0.1016468226909637,0.27048131078481674,1.2907058416154111,1.0,4.630012191351324e-05,0.20187023940900484,0.005745431873947382,0.1352598057128489,-0.9963403940200806,1.9963403940200806,0.28508268072040777,-0.1772418615871548,0.285082676960619,0.08127213270303266,-300.0751953125,118.39197540283203,31.816781997680664,15.578434944152832,1.742327094078064,-15.714597702026367,-1.865065097808838,-11.044137001037598,-5.8958659172058105,-25.97004508972168,-17.48474884033203,-8.90272331237793,-17.054349899291992,48.236289978027344,9.469869613647461,13.95423412322998,7.36688232421875,9.136870384216309,7.116464138031006,6.7405595779418945,8.763542175292969,6.585817813873291,9.198331832885742,6.0333452224731445,4.853909015655518,8.535595893859863,-3.0111188888549805,-0.10936228930950165,1.0999698638916016,-0.3444571793079376,-0.5782766342163086,-0.1928693801164627,-0.17367872595787048,0.45437750220298767,0.01666262559592724,0.40028825402259827,-0.006204138044267893,-0.19406960904598236,-0.3048558533191681,1,tutup12_pitch_-2.0.wav
2814.190592932624,1157.1804756218546,7782.0,31129.0,-0.2127680778503418,0.20908285677433014,2.5699013157894735e-05,5.139802631578947e-05,7.70970394736842e-05,0.00010279605263157894,0.00012849506578947368,0.0001541940789473684,0.00017989309210526315,0.00020559210526315788,0.00023129111842105262,0.00025699013157894735,0.9999730334361726,0.07790973782539368,0.28766901046037674,1.02326370938753,0.9598358869552612,1.90207075054589e-05,0.1912174083185186,-0.0019058793550357223,0.14382722973823547,-1.0,1.9598358869552612,0.2689273527862108,0.11602722129501376,0.268927352113562,0.07232192071481176,-262.3327941894531,121.68256378173828,11.026803970336914,16.680538177490234,-10.386861801147461,-5.702581882476807,-11.284663200378418,-11.83794116973877,-16.30612564086914,-19.413354873657227,7.120241641998291,-5.662768363952637,4.289000988006592,50.08736801147461,9.814868927001953,12.31096076965332,15.514824867248535,11.684423446655273,9.972387313842773,6.621680736541748,9.944360733032227,9.846877098083496,12.772789001464844,12.349540710449219,9.171090126037598,4.574413299560547,-1.4811183214187622,-0.035649582743644714,0.39787498116493225,-0.4194718897342682,-0.16607235372066498,-0.38233867287635803,-0.09917327016592026,-0.09131086617708206,-0.11856638640165329,-0.25353729724884033,-0.4323001801967621,-0.2608996033668518,-0.06783954054117203,1,tutup12_pitch_1.0.wav
1661.4856288825488,665.6759750124146,7987.0,31948.0,-0.15775112807750702,0.160869762301445,2.5040064102564102e-05,5.0080128205128203e-05,7.512019230769231e-05,0.00010016025641025641,0.0001252003205128205,0.00015024038461538462,0.00017528044871794872,0.00020032051282051281,0.00022536057692307694,0.000250400641025641,0.999977065641295,0.07200182974338531,0.20446902513504028,1.279072300494204,0.9490942358970642,-9.939398160254406e-05,0.14510193661865373,-0.0008474290661979467,0.10255040970514528,-1.0,1.9490942358970642,0.20396986702135209,-0.063394755417294,0.2039698428041373,0.041603696773544474,-265.0871887207031,126.63819885253906,6.421276092529297,20.976388931274414,-16.275739669799805,-7.459229946136475,-14.27804946899414,-9.400639533996582,-16.983457565307617,-11.512911796569824,11.084188461303711,-9.411030769348145,12.844326972961426,52.99008560180664,12.054903030395508,9.472404479980469,15.299688339233398,14.467939376831055,11.417303085327148,9.68958854675293,11.471121788024902,8.810266494750977,12.38863754272461,9.115548133850098,8.919377326965332,9.406591415405273,-1.4467796087265015,0.12325680255889893,0.3315526843070984,-0.4732067286968231,-0.16138015687465668,-0.24390196800231934,0.022070350125432014,-0.11246521770954132,-0.21811649203300476,-0.3864431381225586,-0.30354252457618713,-0.14779268205165863,-0.032825373113155365,1,tutup12_pitch_2.0.wav
2691.648505848295,1219.0782147811226,7065.0,28262.0,-0.23855943977832794,0.2339581847190857,2.8306159420289855e-05,5.661231884057971e-05,8.491847826086956e-05,0.00011322463768115942,0.00014153079710144928,0.00016983695652173913,0.000198143115942029,0.00022644927536231884,0.0002547554347826087,0.00028306159420289856,0.9999662765963003,-0.023267415165901195,0.38971398770809174,0.165225892097689,1.0,-7.55967889887188e-06,0.2161754386661627,0.000669998989906162,0.19454875396331772,-0.8604862093925476,1.8604862093925476,0.27602578087911794,0.03684199774244955,0.27602578077559725,0.07619023165277808,-310.87432861328125,118.8917236328125,26.495616912841797,17.12916374206543,-10.922530174255371,-14.356545448303223,-11.191502571105957,-13.943778991699219,-14.633447647094727,-26.515522003173828,-9.344332695007324,-9.317082405090332,-11.859598159790039,48.914817810058594,11.17866325378418,13.888803482055664,10.40711784362793,8.803954124450684,7.380462646484375,8.213263511657715,9.745969772338867,7.870132923126221,8.040529251098633,5.23226261138916,8.230958938598633,5.872250080108643,-3.1880388259887695,-0.30029815435409546,1.0229324102401733,-0.5628640055656433,-0.1438439041376114,-0.12919025123119354,0.3712233901023865,0.5345596671104431,0.16371619701385498,0.2102343738079071,-0.17701192200183868,-0.11241506785154343,0.12649953365325928,1,tutup12_stretch_0.85.wav
2267.700188202362,1337.1366504970624,5427.0,21708.0,-0.2512589991092682,0.2373732477426529,3.685141509433962e-05,7.370283018867924e-05,0.00011055424528301887,0.00014740566037735848,0.00018425707547169813,0.00022110849056603774,0.00025795990566037736,0.00029481132075471697,0.0003316627358490566,0.00036851415094339625,0.9999899914138707,0.010126239061355569,0.4002261087298393,0.31451578627359433,1.0,-0.00010567662971269189,0.22258621541907755,-0.0009995963773690164,0.20018064975738525,-0.7997704744338989,1.799770474433899,0.28908123589219226,0.15454310661739742,0.28908121657660024,0.08356794977740727,-286.9635314941406,123.26256561279297,19.080018997192383,15.301779747009277,-12.510978698730469,-14.458532333374023,-12.017946243286133,-15.280078887939453,-16.977508544921875,-27.47970199584961,-5.793026447296143,-6.375757217407227,-9.60114574432373,51.587425231933594,11.423014640808105,13.265998840332031,12.334078788757324,9.62790584564209,7.672999858856201,9.070002555847168,7.2305498123168945,8.375600814819336,7.825286388397217,5.056769847869873,6.648721694946289,5.538401126861572,-3.7568893432617188,-0.2866477966308594,1.1417847871780396,-0.8047425746917725,-0.2466491460800171,-0.2943018078804016,0.1082904040813446,0.17371025681495667,-0.04205020144581795,0.08060403913259506,-0.223567932844162,-0.25809788703918457,-0.08007573336362839,1,tutup12_stretch_1.15.wav
865.6272050990086,2081.1473000126425,1331.0,5324.0,-0.20586749911308289,0.1790294200181961,0.00015024038461538462,0.00030048076923076925,0.00045072115384615387,0.0006009615384615385,0.0007512019230769231,0.0009014423076923077,0.0010516826923076923,0.001201923076923077,0.0013521634615384615,0.0015024038461538462,0.9999763409160706,-0.08540245294570925,0.22304268553853035,0.6968649196285943,1.0,0.00042681815419256874,0.24243600177448732,0.003153329831548035,0.11047407041769475,-0.973459005355835,1.973459005355835,0.3606274590593671,-0.04645881238448487,0.36062720648043006,0.13005198205387875,-161.42494201660156,139.24224853515625,5.262210369110107,32.66459655761719,-6.807711124420166,-9.005176544189453,-14.298731803894043,-25.217329025268555,-20.410322189331055,-27.645784378051758,-8.588902473449707,-5.008354663848877,-16.184619903564453,67.30767059326172,25.047101974487305,22.93115997314453,24.602386474609375,17.078689575195312,6.177116394042969,5.3298468589782715,16.273784637451172,9.446455955505371,8.916484832763672,8.744935035705566,7.87654972076416,9.081001281738281,-7.0704569816589355,3.178628444671631,4.242002487182617,-5.701651096343994,-2.888521194458008,-0.5335274934768677,0.678704559803009,2.835984945297241,1.9421262741088867,-0.2930663526058197,-1.9696792364120483,-1.0743722915649414,1.2070170640945435,1,tutup13_noise_0.003.wav
866.0727636281674,2082.2185151090425,1331.0,5324.0,-0.20648904144763947,0.18020598590373993,0.00015024038461538462,0.00030048076923076925,0.00045072115384615387,0.0006009615384615385,0.0007512019230769231,0.0009014423076923077,0.0010516826923076923,0.001201923076923077,0.0013521634615384615,0.0015024038461538462,0.9999999999999999,-0.08551942110061644,0.2238409798592329,0.6957206643549134,1.0,0.0004098551984500914,0.24247998107024699,0.0027969367802143097,0.11065717414021492,-0.9736716747283936,1.9736716747283936,0.36072025880508146,-0.0459028409939416,0.3607200259635182,0.13011893713112127,-140.7110137939453,117.6654052734375,15.630255699157715,28.202899932861328,-6.242369174957275,-8.126030921936035,-15.944661140441895,-21.896825790405273,-23.652952194213867,-24.496585845947266,-10.899148941040039,-5.353945732116699,-13.273392677307129,59.88280487060547,24.927593231201172,21.65590476989746,22.35740089416504,17.839014053344727,6.196930885314941,5.494298934936523,15.122446060180664,9.648004531860352,8.60117244720459,9.047945976257324,6.835662841796875,8.574873924255371,-5.2542853355407715,1.889271855354309,3.910330295562744,-5.084359645843506,-3.1752960681915283,-0.49512985348701477,0.930634081363678,2.8673501014709473,1.8668776750564575,-0.38174647092819214,-1.954060435295105,-0.9716447591781616,1.4312533140182495,1,tutup13_noise_0.008.wav
512.8100682407749,1232.9017418260553,1331.0,5324.0,-0.14723925292491913,0.16068126261234283,0.00015024038461538462,0.00030048076923076925,0.00045072115384615387,0.0006009615384615385,0.0007512019230769231,0.0009014423076923077,0.0010516826923076923,0.001201923076923077,0.0013521634615384615,0.0015024038461538462,0.9999763409160706,0.09517273604869847,0.20215261355042458,1.5039550837112063,0.991223156452179,0.00023984274407308812,0.1852886787930469,0.0006696140626445413,0.1014455109834671,-1.0,1.991223156452179,0.2775694181410042,-0.0368366926928068,0.2775693145190833,0.07704472436259377,-211.01809692382812,148.41195678710938,3.800914764404297,34.967628479003906,1.395599603652954,-12.037481307983398,-2.704122543334961,-28.08111000061035,-13.631569862365723,-33.39738845825195,-14.509132385253906,-1.3145666122436523,-21.01654624938965,68.3940658569336,24.156763076782227,19.356679916381836,22.576505661010742,17.581005096435547,9.76409912109375,6.778611660003662,15.584332466125488,12.868428230285645,9.330970764160156,9.955381393432617,8.186573028564453,10.864948272705078,-8.226107597351074,3.5138115882873535,3.9472787380218506,-5.160340785980225,-3.2475571632385254,-1.1948397159576416,-0.5935975313186646,2.6601288318634033,2.944211721420288,1.3379074335098267,-1.4642645120620728,-1.7271603345870972,-0.8083914518356323,1,tutup13_pitch_-1.0.wav
457.48605726210667,1099.8913472868078,1331.0,5324.0,-0.1394270956516266,0.1332027167081833,0.00015024038461538462,0.00030048076923076925,0.00045072115384615387,0.0006009615384615385,0.0007512019230769231,0.0009014423076923077,0.0010516826923076923,0.001201923076923077,0.0013521634615384615,0.0015024038461538462,0.9999763409160706,0.09646545052528377,0.18949004635214806,1.957244494768461,0.9935735464096069,-0.00027677382468628873,0.17212882914607042,0.0015244840178638697,0.09496805281378329,-1.0,1.993573546409607,0.2621695657379681,-0.13362960886138844,0.2621694196421176,0.06873280459548475,-210.38404846191406,143.95321655273438,11.23167896270752,27.928852081298828,14.140442848205566,-17.791868209838867,6.586079120635986,-27.82686996459961,-6.7986273765563965,-31.19052505493164,-21.194971084594727,-0.6679287552833557,-19.181407928466797,69.82785034179688,26.032470703125,22.475475311279297,15.263541221618652,19.614925384521484,12.859634399414062,12.50849723815918,13.511947631835938,13.610780715942383,12.784014701843262,8.038031578063965,6.986052513122559,13.996850967407227,-8.846583366394043,4.549091815948486,5.281654357910156,-2.8659427165985107,-4.000251293182373,-1.4753437042236328,-2.5203921794891357,2.2515580654144287,2.6289284229278564,2.9558775424957275,-0.40026476979255676,-1.4968620538711548,-1.435224175453186,1,tutup13_pitch_-2.0.wav
428.14637543751087,1029.35266821941,1331.0,5324.0,-0.12748895585536957,0.12671132385730743,0.00015024038461538462,0.00030048076923076925,0.00045072115384615387,0.0006009615384615385,0.0007512019230769231,0.0009014423076923077,0.0010516826923076923,0.001201923076923077,0.0013521634615384615,0.0015024038461538462,0.9999999999999999,-0.07403772473335268,0.16585169732570648,1.9589586534831653,1.0,-0.00036924379819311615,0.16561885231290782,-8.640792657388374e-05,0.08297582325030817,-0.9527958631515503,1.9527958631515503,0.25362349283419017,0.07999746505246547,0.253623224047862,0.064324739776432,-193.27780151367188,147.94381713867188,-2.363370180130005,35.5423469543457,-8.349108695983887,-8.5191068649292,-17.8091983795166,-28.483638763427734,-20.20285415649414,-31.52506446838379,3.2418904304504395,-13.82503604888916,-1.1724315881729126,70.7834701538086,26.743885040283203,20.979679107666016,28.752519607543945,16.866161346435547,5.285129547119141,7.787981986999512,17.143360137939453,7.733160972595215,11.428326606750488,6.863631248474121,8.860273361206055,6.646122932434082,-8.571182250976562,4.592875003814697,3.3403701782226562,-6.714211463928223,-2.3596739768981934,0.13672344386577606,1.525477647781372,3.076648712158203,1.7260587215423584,-0.9324401617050171,-1.3216445446014404,0.3547244966030121,1.1990530490875244,1,tutup13_pitch_1.0.wav
490.28582360542606,1178.7487870303255,1331.0,5324.0,-0.13993144035339355,0.14329011738300323,0.00015024038461538462,0.00030048076923076925,0.00045072115384615387,0.0006009615384615385,0.0007512019230769231,0.0009014423076923077,0.0010516826923076923,0.001201923076923077,0.0013521634615384615,0.0015024038461538462,0.9999999999999999,-0.059207749366760265,0.1588771715760231,1.3203851756118405,1.0,0.00036953506636277627,0.17893347021334016,-0.0005091623461339623,0.07959675500751473,-0.9258322715759277,1.9258322715759277,0.27140510442869314,-0.0012804113927281778,0.27140485285599547,0.07366059415378455,-193.33082580566406,145.40249633789062,-4.1475396156311035,32.81814956665039,-22.2659912109375,-13.182855606079102,-26.091537475585938,-28.667226791381836,-21.87874984741211,-24.806018829345703,5.496941089630127,-15.782463073730469,13.176491737365723,72.65884399414062,28.38665008544922,20.94801139831543,28.628496170043945,13.61404037475586,5.522274017333984,11.513909339904785,13.656876564025879,3.1010007858276367,12.258196830749512,7.838539123535156,7.8662614822387695,10.65948486328125,-8.3535737991333,5.263092517852783,2.845479726791382,-6.616732120513916,-1.660553216934204,-0.2824978530406952,2.5134551525115967,2.2585856914520264,-0.3608815371990204,-2.280316114425659,-1.130576491355896,0.7258881330490112,1.0225813388824463,1,tutup13_pitch_2.0.wav
670.6282223716678,1497.1468617199225,1433.0,5734.0,-0.17449307441711426,0.16535475850105286,0.00013950892857142856,0.00027901785714285713,0.0004185267857142857,0.0005580357142857143,0.0006975446428571429,0.0008370535714285714,0.0009765625,0.0011160714285714285,0.0012555803571428572,0.0013950892857142857,0.9999782142480755,0.10025550723075871,0.22006823308765888,1.0057868886960062,1.0,-0.0003820848014589119,0.20685531953659567,0.0020525516010820866,0.10958113381639123,-0.9994322061538696,1.9994322061538696,0.30587354376087045,0.01827525615028959,0.30587330511837346,0.0935584787840376,-199.64181518554688,146.7568817138672,-1.3924845457077026,33.01970291137695,-8.882787704467773,-10.070928573608398,-12.705279350280762,-28.777368545532227,-20.50993537902832,-32.343421936035156,-7.8578104972839355,-7.082491397857666,-17.690343856811523,63.49536895751953,22.960176467895508,21.641063690185547,28.81306266784668,19.31902503967285,7.39892578125,5.22829532623291,16.974567413330078,9.381996154785156,7.615109443664551,11.037351608276367,7.290415287017822,7.877335548400879,-7.325637340545654,3.23801589012146,3.73093843460083,-6.209483623504639,-2.739490509033203,-1.2291840314865112,0.41216614842414856,3.0196850299835205,1.5710883140563965,-0.8536496758460999,-2.1959309577941895,-0.5477226376533508,1.1477417945861816,1,tutup13_stretch_0.85.wav
423.5094646552145,1018.204573175572,1331.0,5324.0,-0.10993597656488419,0.11835732311010361,0.00015024038461538462,0.00030048076923076925,0.00045072115384615387,0.0006009615384615385,0.0007512019230769231,0.0009014423076923077,0.0010516826923076923,0.001201923076923077,0.0013521634615384615,0.0015024038461538462,0.9999999999999999,-0.08372762501239778,0.13044135086238384,2.3143114037274772,1.0,-0.0001893243176527794,0.15625903962209026,0.0002137324627256021,0.06503409658034798,-0.970413863658905,1.970413863658905,0.2522463574723232,0.038470903348107294,0.2522462864233244,0.06362818901435782,-205.4083251953125,146.86204528808594,-4.22177791595459,36.776187896728516,-5.945052146911621,-7.469813346862793,-11.962014198303223,-24.41840934753418,-15.387990951538086,-29.225704193115234,-3.2767653465270996,-4.168542861938477,-15.916311264038086,84.87916564941406,30.97136878967285,18.44389533996582,24.084686279296875,20.317140579223633,9.295319557189941,5.742982387542725,16.35525894165039,12.037944793701172,12.275671005249023,9.51158332824707,8.269407272338867,9.274811744689941,-6.242875576019287,4.232740879058838,3.4420628547668457,-5.285911560058594,-2.7736852169036865,-1.288108229637146,0.2632414996623993,2.185417413711548,1.8220525979995728,-0.9438274502754211,-1.8879039287567139,-0.9949424862861633,0.015383362770080566,1,tutup13_stretch_1.15.wav
1777.4306859200449,1851.6108454144617,3072.0,12288.0,-0.28234800696372986,0.275756299495697,6.510416666666667e-05,0.00013020833333333333,0.0001953125,0.00026041666666666666,0.0003255208333333333,0.000390625,0.0004557291666666667,0.0005208333333333333,0.0005859375,0.0006510416666666666,0.9999625485416921,0.08182207345962533,0.35799896344542503,0.27284993088423093,0.9669492244720459,5.789098411431345e-05,0.241674771666216,6.666992339887656e-05,0.17876621335744858,-1.0,1.966949224472046,0.3401736962414735,-0.013065679184765302,0.34017369131551045,0.1157181402632202,-226.71075439453125,113.64167022705078,14.840883255004883,23.87058448791504,-3.1635663509368896,-1.8792179822921753,-9.46971607208252,-17.8096923828125,-14.913761138916016,-26.85820198059082,-9.135252952575684,-9.259432792663574,-16.38315200805664,55.77255630493164,17.385568618774414,16.620019912719727,12.357243537902832,10.706745147705078,7.000174522399902,7.743060111999512,8.833456993103027,8.000362396240234,10.49211597442627,5.413852691650391,9.978938102722168,8.77143669128418,-5.897385597229004,-1.0401127338409424,1.98746919631958,-0.6950659155845642,-0.5356765389442444,-0.7125967144966125,0.4956575632095337,0.6587445139884949,0.3604936897754669,0.9242171049118042,-0.5177872180938721,-0.2178448736667633,0.23593474924564362,1,tutup14_noise_0.003.wav
1790.0091177955735,1864.7142317031823,3072.0,12288.0,-0.28286126255989075,0.2761105000972748,6.510416666666667e-05,0.00013020833333333333,0.0001953125,0.00026041666666666666,0.0003255208333333333,0.000390625,0.0004557291666666667,0.0005208333333333333,0.0005859375,0.0006510416666666666,0.999971911406269,0.08395933210849771,0.3582172840833664,0.2731316857490018,0.9708351492881775,0.0001062364798825044,0.2426144925736347,0.00011199331856914796,0.17908762395381927,-1.0,1.9708351492881775,0.3413752362720764,-0.013095132120448183,0.34137521974160095,0.11653704065362633,-195.19268798828125,88.95911407470703,21.831798553466797,19.547727584838867,-2.556527853012085,-0.6067832112312317,-10.610506057739258,-13.70215892791748,-18.000524520874023,-20.847078323364258,-13.178038597106934,-8.59424877166748,-13.031749725341797,43.90030288696289,21.054941177368164,11.561494827270508,9.893250465393066,10.250407218933105,6.627166271209717,6.708037376403809,8.279386520385742,8.88746166229248,9.699193954467773,4.8318281173706055,8.54595947265625,7.224977493286133,-4.477181911468506,-1.5646452903747559,1.3282774686813354,-0.6080055236816406,-0.6667935848236084,-0.5301893949508667,0.3966960906982422,0.6938166618347168,0.4376842677593231,0.7588134407997131,-0.29705366492271423,-0.29729190468788147,0.34430867433547974,1,tutup14_noise_0.008.wav
1043.0450924305796,592.6603032383705,5632.0,22528.0,-0.048221368342638016,0.044218968600034714,3.5511363636363635e-05,7.102272727272727e-05,0.0001065340909090909,0.00014204545454545454,0.0001775568181818182,0.0002130681818181818,0.00024857954545454543,0.0002840909090909091,0.0003196022727272727,0.0003551136363636364,0.999956756038832,-0.052264338731765725,0.06391487875953317,3.6471891029170544,1.0,-4.987130500400924e-05,0.11107240531550772,-0.0006259447254706174,0.031945630005793646,-0.9132078886032104,1.9132078886032104,0.19245766694633612,0.1892770390287449,0.19245766048479282,0.03703995107927978,-242.72914123535156,121.3687973022461,-0.28580883145332336,29.68353271484375,5.668123722076416,-0.6692512631416321,-2.8944575786590576,-19.627180099487305,-2.377228260040283,-27.284149169921875,-2.55769419670105,5.804772853851318,-9.822431564331055,52.3290901184082,13.33660888671875,14.760368347167969,11.307047843933105,9.342057228088379,11.881591796875,6.964273452758789,10.122032165527344,7.710416316986084,11.616255760192871,9.778438568115234,9.660892486572266,16.643482208251953,-2.155712604522705,0.015292610041797161,0.7320237755775452,-0.30405059456825256,0.05694964900612831,-0.02299775369465351,-0.13114699721336365,0.004444207530468702,-0.11548177897930145,0.11103533208370209,-0.04981737583875656,-0.08738750964403152,-0.1903957575559616,1,tutup14_pitch_-1.0.wav
1115.1325926197621,1124.1964263068612,3174.0,12697.0,-0.17256730794906616,0.20334476232528687,6.300403225806451e-05,0.00012600806451612903,0.00018901209677419354,0.00025201612903225806,0.00031502016129032257,0.0003780241935483871,0.0004410282258064516,0.0005040322580645161,0.0005670362903225807,0.0006300403225806451,0.9999819397603829,-0.07079107165336607,0.23327308893203735,0.812046438976811,1.0,3.127475791483532e-05,0.18339652748653498,0.0014048703596927226,0.11659910157322884,-0.9468928575515747,1.9468928575515747,0.2650619735786984,-0.22720388364973196,0.2650619717336384,0.07025784885932412,-267.8074035644531,123.15973663330078,20.772594451904297,21.479015350341797,16.12342071533203,-10.263629913330078,6.690875053405762,-24.565643310546875,0.7193683385848999,-27.746009826660156,-19.64164161682129,-4.318870544433594,-21.168718338012695,61.317195892333984,13.665766716003418,19.363201141357422,10.065061569213867,7.527502059936523,13.02567195892334,8.389132499694824,10.24525260925293,8.857582092285156,12.021541595458984,8.258346557617188,7.5490007400512695,13.725066184997559,-5.0667548179626465,-0.5498166680335999,2.1151626110076904,-0.20232880115509033,-0.403455913066864,-0.6869678497314453,-0.5002244114875793,0.8704156875610352,-0.2522182762622833,0.8644441962242126,0.30042701959609985,-0.4931621551513672,-0.6690900325775146,1,tutup14_pitch_-2.0.wav
1460.309930661214,1521.2552178253416,3072.0,12288.0,-0.2124694138765335,0.21745680272579193,6.510416666666667e-05,0.00013020833333333333,0.0001953125,0.00026041666666666666,0.0003255208333333333,0.000390625,0.0004557291666666667,0.0005208333333333333,0.0005859375,0.0006510416666666666,0.9999812742708459,-0.07588485777378084,0.27247605100274086,0.901861784831504,1.0,2.6097408629436696e-05,0.21122104361947874,-0.0011334081646054983,0.13658567913807929,-0.9561542868614197,1.9561542868614197,0.3083379008664944,-0.0015230080689806749,0.3083378997620652,0.09507226042968138,-270.330810546875,118.28602600097656,14.067317962646484,25.483627319335938,-4.079188823699951,0.7672317028045654,-9.13819694519043,-20.928264617919922,-20.26095199584961,-30.94352912902832,-3.3404123783111572,-18.942636489868164,-2.3456623554229736,57.02608871459961,15.410880088806152,17.33344268798828,15.111971855163574,12.683889389038086,6.49542236328125,10.65701675415039,11.172870635986328,8.187671661376953,11.222159385681152,7.773480415344238,14.255179405212402,7.612715721130371,-6.0968546867370605,-0.8581778407096863,1.9321447610855103,-1.212247610092163,-0.4781019389629364,-0.3227003514766693,1.024606466293335,0.6409956216812134,0.19359168410301208,0.6864979863166809,-0.7227685451507568,0.38164573907852173,0.19369974732398987,1,tutup14_pitch_1.0.wav
1012.5361207560344,1020.766047010053,3174.0,12697.0,-0.18849517405033112,0.1939680129289627,6.300403225806451e-05,0.00012600806451612903,0.00018901209677419354,0.00025201612903225806,0.00031502016129032257,0.0003780241935483871,0.0004410282258064516,0.0005040322580645161,0.0005670362903225807,0.0006300403225806451,0.9999909698801915,-0.027363628149032593,0.24526097439229488,0.5481296783403931,1.0,6.11187488298832e-05,0.17860815099450447,0.0004114138282602653,0.12271833069098648,-0.8679338693618774,1.8679338693618774,0.2525744611289287,-0.04699719054935683,0.25257445373407666,0.06379385467906723,-250.7393798828125,126.37181091308594,2.3705525398254395,24.430904388427734,-11.528602600097656,-4.091097831726074,-19.241413116455078,-23.980411529541016,-19.867473602294922,-25.322132110595703,6.667492866516113,-18.20468521118164,11.033812522888184,60.44807815551758,13.024714469909668,15.49316120147705,17.067089080810547,10.24237060546875,6.484116077423096,11.810792922973633,10.604865074157715,8.228281021118164,13.041224479675293,9.134988784790039,11.118578910827637,11.26380443572998,-5.110459804534912,0.2627406716346741,1.5882349014282227,-1.4361686706542969,-0.5287816524505615,-0.310325562953949,1.151013970375061,0.29865288734436035,0.3814142942428589,-0.13758209347724915,-0.9033939242362976,0.0301072895526886,0.23712728917598724,1,tutup14_pitch_2.0.wav
1009.3381034280394,876.2090854998985,3686.0,14745.0,-0.16250382363796234,0.17490586638450623,5.425347222222222e-05,0.00010850694444444444,0.00016276041666666666,0.00021701388888888888,0.0002712673611111111,0.0003255208333333333,0.00037977430555555556,0.00043402777777777775,0.00048828125,0.0005425347222222222,0.9999846848950246,-0.0946722447872162,0.21525670401751995,1.569152502185263,1.0,-5.457989828384759e-06,0.161601790257803,0.0005395757907535881,0.10723920166492462,-0.9903131723403931,1.990313172340393,0.23400875359089368,-0.06620671046726236,0.23400875352724296,0.05476009672737395,-248.94216918945312,123.06920623779297,7.709541320800781,26.806068420410156,-4.524907112121582,-5.2889790534973145,-9.192055702209473,-21.12897300720215,-12.123869895935059,-28.84206771850586,-5.238282680511475,-8.498334884643555,-15.40661334991455,59.911006927490234,15.697013854980469,19.174365997314453,14.629183769226074,12.46190071105957,8.246577262878418,9.525047302246094,10.270892143249512,7.734551429748535,11.336021423339844,5.807699680328369,11.780447959899902,9.22780704498291,-5.211967468261719,-0.5490756630897522,1.8944730758666992,-1.0407642126083374,-0.3137087821960449,-0.5861676931381226,0.6303041577339172,0.7326871752738953,0.18248790502548218,0.7444555163383484,-0.31394776701927185,-0.042998313903808594,0.11714017391204834,1,tutup14_stretch_0.85.wav
1423.1827158331816,1647.3213812725824,2764.0,11059.0,-0.2406144142150879,0.23820538818836212,7.233796296296296e-05,0.00014467592592592592,0.00021701388888888888,0.00028935185185185184,0.0003616898148148148,0.00043402777777777775,0.0005063657407407407,0.0005787037037037037,0.0006510416666666666,0.0007233796296296296,0.9999894818532028,-0.09558776319026946,0.28018074482679367,0.583701781542056,1.0,-6.759176431674834e-05,0.22042240655777764,-0.0003636648616520688,0.14059886134054977,-0.9919777512550354,1.9919777512550354,0.3208584401063337,-0.013560101212647608,0.320858432986922,0.10295013401882312,-272.20709228515625,122.01422882080078,11.842824935913086,21.754106521606445,-4.948265552520752,-4.223401069641113,-10.36292839050293,-21.008516311645508,-14.498761177062988,-33.11738586425781,-8.308270454406738,-9.098573684692383,-18.13304328918457,58.93722915649414,18.379384994506836,19.059865951538086,11.327156066894531,12.071267127990723,8.410552978515625,7.410923957824707,8.833514213562012,8.524673461914062,13.858946800231934,5.978960990905762,9.524066925048828,8.401324272155762,-7.084906578063965,-1.3360404968261719,2.608949661254883,-0.7103410959243774,-0.3637522757053375,-0.7834479212760925,0.39063164591789246,0.688757598400116,0.31556981801986694,1.2910267114639282,-0.2459089756011963,0.11123576015233994,0.5265084505081177,1,tutup14_stretch_1.15.wav
2312.2330427781408,3141.887786365202,2355.0,9420.0,-0.37492266297340393,0.4083176553249359,8.491847826086956e-05,0.00016983695652173913,0.0002547554347826087,0.00033967391304347825,0.0004245923913043478,0.0005095108695652174,0.000594429347826087,0.0006793478260869565,0.0007642663043478261,0.0008491847826086956,0.9999874414035979,-0.10167780220508577,0.5560179799795151,-0.39503706038412867,0.996271550655365,0.0013538162871007688,0.33590671172456654,-0.001132133009377867,0.27505894005298615,-1.0,1.996271550655365,0.4431154605486248,-0.05979099711318995,0.44311339243886616,0.19634947855868062,-156.62513732910156,119.45855712890625,9.759845733642578,11.687561988830566,-38.514225006103516,-15.032526969909668,-14.757023811340332,-31.999616622924805,-9.41174602508545,-22.2085018157959,-8.503639221191406,-3.9268815517425537,-9.059728622436523,65.95081329345703,27.904523849487305,23.18691062927246,20.457429885864258,20.095584869384766,8.69751262664795,7.815250873565674,9.555183410644531,13.371501922607422,6.766335487365723,13.74775505065918,8.523054122924805,6.574197769165039,-5.818755626678467,0.9547688364982605,2.741323232650757,-1.6370129585266113,-0.6327733397483826,-0.9607943892478943,-0.17365698516368866,1.0448790788650513,0.38844382762908936,0.339807391166687,-1.3164550065994263,-0.4882615804672241,-0.42495083808898926,1,tutup15_noise_0.003.wav
2300.857517956869,3126.4305976483993,2355.0,9420.0,-0.37369483709335327,0.40702417492866516,8.491847826086956e-05,0.00016983695652173913,0.0002547554347826087,0.00033967391304347825,0.0004245923913043478,0.0005095108695652174,0.000594429347826087,0.0006793478260869565,0.0007642663043478261,0.0008491847826086956,0.999974882807196,-0.10202836692333223,0.5533930510282516,-0.39407769240689206,0.9954925179481506,0.0013710062653220984,0.33514096027749934,-0.0012010958162136376,0.27422538661630824,-1.0,1.9954925179481506,0.44202411599366237,-0.059892563289796294,0.4420219897943982,0.19538343946179906,-138.1029815673828,103.3841781616211,14.685943603515625,9.245635986328125,-35.58633041381836,-14.984631538391113,-16.503034591674805,-27.051176071166992,-14.046138763427734,-18.71826171875,-9.780564308166504,-2.4280169010162354,-8.86673641204834,56.10701370239258,24.789583206176758,20.50303077697754,18.068321228027344,19.337505340576172,8.865450859069824,6.213188171386719,9.43409538269043,11.549813270568848,6.2240095138549805,12.297544479370117,7.19714879989624,5.6252827644348145,-4.430938243865967,-0.015910962596535683,2.3346617221832275,-0.9974425435066223,-0.7437679171562195,-0.8453243374824524,0.09041038155555725,0.9101951122283936,0.36490383744239807,0.23598885536193848,-0.899634063243866,-0.4981783330440521,-0.3116556406021118,1,tutup15_noise_0.008.wav
1399.019237881572,1901.002786081117,2355.0,9420.0,-0.27248749136924744,0.2628956735134125,8.491847826086956e-05,0.00016983695652173913,0.0002547554347826087,0.00033967391304347825,0.0004245923913043478,0.0005095108695652174,0.000594429347826087,0.0006793478260869565,0.0007642663043478261,0.0008491847826086956,0.9999999999999998,0.07974270880222312,0.36548956483602524,0.12379579718301548,0.9631685614585876,-0.0007283942980703721,0.25403287990534457,7.040831405902281e-05,0.18300344794988632,-1.0,1.9631685614585876,0.34467750831550437,0.030693782401883415,0.3446767386702084,0.11880205418033114,-194.0655059814453,122.8861083984375,15.543505668640137,17.77245330810547,-28.398468017578125,-25.7294864654541,-6.826246738433838,-40.62114334106445,-6.72998046875,-19.49736976623535,-10.56566333770752,-2.9611475467681885,-12.118057250976562,69.83463287353516,27.857873916625977,29.400911331176758,18.0079402923584,17.916257858276367,12.621594429016113,7.36843204498291,10.918132781982422,13.993621826171875,10.375250816345215,9.85265064239502,9.768498420715332,9.166617393493652,-6.8488616943359375,1.0383038520812988,3.307318687438965,-1.1737110614776611,-0.7554323077201843,-0.6932857632637024,-0.5818108916282654,1.2403019666671753,0.07637952268123627,0.8703959584236145,-0.7436363101005554,-0.6306230425834656,-0.6629422903060913,1,tutup15_pitch_-1.0.wav
1198.3460712427586,1628.3258717523684,2355.0,9420.0,-0.23773707449436188,0.2347119152545929,8.491847826086956e-05,0.00016983695652173913,0.0002547554347826087,0.00033967391304347825,0.0004245923913043478,0.0005095108695652174,0.000594429347826087,0.0006793478260869565,0.0007642663043478261,0.0008491847826086956,0.9999874414035979,-0.09799393713474275,0.33377448469400406,0.2731903345630178,1.0,-0.0013407031821026263,0.23499268115267508,-0.00033091344812419266,0.16663500330469105,-0.9963526129722595,1.9963526129722595,0.3190011360478621,-0.03455663119419852,0.3189983186708108,0.10175992731480414,-191.8411407470703,122.14550018310547,23.686004638671875,15.009722709655762,-19.43013572692871,-34.26935577392578,5.836534023284912,-39.825340270996094,-7.723331451416016,-21.146373748779297,-13.758941650390625,-3.173849105834961,-14.501069068908691,72.08109283447266,29.815080642700195,27.54636573791504,14.914060592651367,18.595590591430664,15.89031982421875,9.904257774353027,10.944539070129395,9.046887397766113,13.740446090698242,5.589454174041748,11.105095863342285,9.335591316223145,-7.121018886566162,1.357255458831787,2.972789764404297,-0.8444318175315857,-1.3306626081466675,-0.36409321427345276,-1.2846256494522095,0.8928048610687256,-0.04446464776992798,1.184675931930542,-0.29299357533454895,-0.5807593464851379,-0.5001367330551147,1,tutup15_pitch_-2.0.wav
1459.5523899753953,1983.2559014527662,2355.0,9420.0,-0.29813840985298157,0.303911417722702,8.491847826086956e-05,0.00016983695652173913,0.0002547554347826087,0.00033967391304347825,0.0004245923913043478,0.0005095108695652174,0.000594429347826087,0.0006793478260869565,0.0007642663043478261,0.0008491847826086956,0.999974882807196,-0.03535863757133484,0.41303112357854843,-0.21345845519019946,1.0,-0.0011068605466543154,0.2644861338306333,-0.000836326100397855,0.2065839096903801,-0.8824702501296997,1.8824702501296997,0.3520553477774849,0.006757157734471889,0.35205360779071143,0.12394174275845608,-199.021240234375,124.82917022705078,6.418174743652344,6.021555423736572,-46.118255615234375,-14.783546447753906,-20.693830490112305,-32.6494255065918,-5.8753204345703125,-25.09114646911621,4.433660984039307,-9.360105514526367,2.8474349975585938,70.02355194091797,28.96342658996582,24.73006820678711,26.39959144592285,19.861391067504883,6.270730018615723,10.822647094726562,10.429262161254883,13.397969245910645,10.614001274108887,14.717588424682617,7.231873989105225,9.56191635131836,-6.448110103607178,1.7067785263061523,2.9530251026153564,-2.4183332920074463,-0.7451402544975281,-0.7849135398864746,0.6265153288841248,1.036325454711914,-0.07240494340658188,0.008893638849258423,-1.6252843141555786,0.1588677167892456,-0.5905083417892456,1,tutup15_pitch_1.0.wav
1021.8668073834981,1388.5238996293817,2355.0,9420.0,-0.2107306569814682,0.22671601176261902,8.491847826086956e-05,0.00016983695652173913,0.0002547554347826087,0.00033967391304347825,0.0004245923913043478,0.0005095108695652174,0.000594429347826087,0.0006793478260869565,0.0007642663043478261,0.0008491847826086956,0.9999874414035979,0.059086814522743225,0.3070310987532139,0.5029033939401,0.9256123900413513,-0.0008374703385533275,0.2130672381373588,-0.0005839099467266351,0.15300011684303172,-1.0,1.9256123900413513,0.29457660169860705,-0.18445528637189879,0.2945754112476664,0.0867746729117318,-196.7267608642578,122.0976791381836,0.8943624496459961,-0.5792877078056335,-49.2598991394043,-7.855177402496338,-27.25649070739746,-27.025863647460938,-9.98682689666748,-19.423566818237305,4.289463996887207,-11.800602912902832,8.901208877563477,71.00090026855469,28.223215103149414,21.832475662231445,28.005401611328125,19.701068878173828,6.053433895111084,13.37100601196289,10.829071998596191,11.21074104309082,13.367311477661133,11.152393341064453,7.557356357574463,9.243633270263672,-6.5624847412109375,1.6233962774276733,2.6198794841766357,-2.636216878890991,-0.4620143473148346,-0.780788242816925,1.3114663362503052,1.1038106679916382,0.0784505233168602,-1.0202265977859497,-1.5166114568710327,0.29640665650367737,-0.3164137005805969,1,tutup15_pitch_2.0.wav
1549.0982226848787,1862.0367788263886,2662.0,10649.0,-0.28808343410491943,0.27308711409568787,7.512019230769231e-05,0.00015024038461538462,0.00022536057692307694,0.00030048076923076925,0.00037560096153846156,0.00045072115384615387,0.0005258413461538461,0.0006009615384615385,0.0006760817307692308,0.0007512019230769231,0.9999780678010775,-0.10150879621505737,0.40846463292837143,-0.07375719587841845,0.9966471195220947,-0.0004657956326866121,0.2593166049161638,-0.0022693986538797617,0.20431476086378098,-1.0,1.9966471195220947,0.34112835764795696,0.1076708848112072,0.3411280396361768,0.11636833942602103,-192.3489532470703,127.1146011352539,6.699467182159424,12.47934627532959,-42.22431945800781,-16.135643005371094,-13.733086585998535,-36.14241409301758,-6.116742134094238,-23.739486694335938,-6.494423866271973,-6.181159496307373,-9.796239852905273,65.05477905273438,27.514474868774414,25.402036666870117,21.43193817138672,18.634313583374023,9.220769882202148,8.809711456298828,8.568596839904785,15.178109169006348,7.829000949859619,13.140508651733398,8.007494926452637,8.556652069091797,-5.797566890716553,1.4206064939498901,2.629399061203003,-1.605983853340149,-0.9609588384628296,-1.0529699325561523,-0.29651883244514465,0.8094651699066162,0.4147590100765228,0.5490729808807373,-1.0864651203155518,-0.4195050597190857,-0.6995715498924255,1,tutup15_stretch_0.85.wav
1022.5901095042855,1597.9530962074975,2048.0,8192.0,-0.24332758784294128,0.21834661066532135,9.765625e-05,0.0001953125,0.00029296875,0.000390625,0.00048828125,0.0005859375,0.00068359375,0.00078125,0.00087890625,0.0009765625,0.9999853390216036,-0.03519947826862335,0.3192172385752201,0.5167849309340635,1.0,0.00010709058222994062,0.2278363035247571,-0.002048141323029995,0.15953855961561203,-0.8821808695793152,1.8821808695793152,0.3160099925339037,0.23073591085851028,0.3160099743882859,0.09986230391288509,-197.9703369140625,128.13650512695312,8.771764755249023,14.045823097229004,-40.50697708129883,-15.637887001037598,-12.508040428161621,-35.27006149291992,-7.3305230140686035,-22.27931022644043,-4.240779876708984,-3.9544942378997803,-8.872416496276855,64.83446502685547,28.239421844482422,25.783891677856445,23.024429321289062,22.605968475341797,10.689131736755371,8.386617660522461,10.148094177246094,13.493117332458496,6.168269157409668,12.26606273651123,8.210437774658203,7.5509443283081055,-4.432270526885986,2.516510486602783,2.9171862602233887,-2.6383678913116455,-1.6773629188537598,-1.37714421749115,-0.08965729176998138,0.9590365886688232,0.6688612103462219,0.13339589536190033,-1.718330979347229,-0.8928996324539185,-0.8126595616340637,1,tutup15_stretch_1.15.wav
1117.6208720504903,851.8857583158423,4198.0,16793.0,-0.18681764602661133,0.14997364580631256,4.763719512195122e-05,9.527439024390244e-05,0.00014291158536585365,0.00019054878048780488,0.0002381859756097561,0.0002858231707317073,0.00033346036585365856,0.00038109756097560977,0.000428734756097561,0.0004763719512195122,0.9999734566477033,0.01940996348857882,0.24511850252747536,1.4627405352879421,1.0,-0.00016990063813812696,0.165477203077656,-0.003964120056480169,0.1247912123799324,-0.7828909754753113,1.7828909754753113,0.23073864772559122,0.6728018304659361,0.2307385851738015,0.053240294688007644,-164.63088989257812,127.56281280517578,8.429903984069824,20.78017234802246,-19.36434555053711,4.947924613952637,-9.489644050598145,-9.774754524230957,-1.715057134628296,-19.356233596801758,-4.782492160797119,-9.288673400878906,-11.64177131652832,39.95903396606445,15.827104568481445,12.158273696899414,6.363230228424072,10.804655075073242,5.6487908363342285,6.713891983032227,6.827792167663574,8.842750549316406,7.873879909515381,5.6158623695373535,7.128169536590576,3.8226170539855957,-0.330462247133255,-0.4624640643596649,-0.8954306840896606,-0.19396747648715973,0.33176884055137634,0.3068876266479492,-0.23181584477424622,0.06572785973548889,0.06181500479578972,-0.023881446570158005,0.34209415316581726,0.47595924139022827,0.16656941175460815,1,tutup2_noise_0.003.wav
1118.0864517242892,852.2406377775536,4198.0,16793.0,-0.18657416105270386,0.14984281361103058,4.763719512195122e-05,9.527439024390244e-05,0.00014291158536585365,0.00019054878048780488,0.0002381859756097561,0.0002858231707317073,0.00033346036585365856,0.00038109756097560977,0.000428734756097561,0.0004763719512195122,0.9999867283238516,0.017742675542831432,0.2454176675528288,1.4638799100441577,1.0,-0.0002236446618267829,0.1656896455766847,-0.0055259582586586475,0.12460021255537868,-0.7859224081039429,1.7859224081039429,0.2307867033951481,0.6722639444963425,0.2307865950333019,0.05326245244706529,-144.5841827392578,106.65499114990234,19.274606704711914,13.505946159362793,-14.053443908691406,2.6609947681427,-9.004382133483887,-8.103745460510254,-5.5998711585998535,-14.817011833190918,-8.390780448913574,-7.752257347106934,-9.729825973510742,34.06782913208008,17.399702072143555,10.801270484924316,5.383413314819336,10.455748558044434,5.091772079467773,5.677152633666992,6.754211902618408,7.929051876068115,6.760130405426025,5.995450496673584,6.755931854248047,4.08629846572876,-0.4760422110557556,-0.5912564396858215,-0.6163468956947327,-0.20269575715065002,0.405517578125,0.13134922087192535,-0.14522869884967804,-0.0054103475995361805,0.14739224314689636,0.00808496680110693,0.27275243401527405,0.48496514558792114,0.03197060897946358,1,tutup2_noise_0.008.wav
980.6405513176999,766.1628410119243,4096.0,16384.0,-0.17776374518871307,0.15081115067005157,4.8828125e-05,9.765625e-05,0.000146484375,0.0001953125,0.000244140625,0.00029296875,0.000341796875,0.000390625,0.000439453125,0.00048828125,0.9998857542453925,-0.03061628043651582,0.24619916640222073,1.3187122509553886,1.0,-9.746227048574937e-05,0.15858745420081172,-0.001613347150851041,0.12543603935046121,-0.8738477826118469,1.873847782611847,0.2188214784243301,0.546194252474197,0.2188214567196631,0.047882829920915394,-212.99295043945312,144.07862854003906,7.968644142150879,28.346345901489258,-16.997615814208984,-2.480088710784912,1.458815097808838,-24.49829864501953,9.245940208435059,-24.5947322845459,-2.8818395137786865,-11.804226875305176,-17.890377044677734,55.24244689941406,18.688003540039062,11.680216789245605,6.124038219451904,8.9533109664917,8.937467575073242,9.598748207092285,7.247485637664795,12.367212295532227,7.517231464385986,3.932854413986206,7.851491451263428,7.055855751037598,0.29777559638023376,0.2259928286075592,-1.0278211832046509,-0.08130858838558197,0.06853438913822174,0.2351665198802948,-0.12420669198036194,-0.04145479202270508,0.0022441293112933636,-0.34483227133750916,0.026563109830021858,0.362167090177536,0.29499754309654236,1,tutup2_pitch_-1.0.wav
1039.061175830098,811.8061825910233,4096.0,16384.0,-0.17528976500034332,0.1509363353252411,4.8828125e-05,9.765625e-05,0.000146484375,0.0001953125,0.000244140625,0.00029296875,0.000341796875,0.000390625,0.000439453125,0.00048828125,0.9991947806810837,-0.010248184204101562,0.2320132963359356,1.4756236848716986,1.0,-0.00011575999307041236,0.16025539715025822,-0.002756273024715483,0.1196015328168869,-0.8368148803710938,1.8368148803710938,0.2252452196520028,0.6120416211043802,0.22524518990580686,0.050735395575703,-211.28648376464844,140.38368225097656,15.672371864318848,21.162057876586914,-7.072666168212891,-14.151876449584961,12.279890060424805,-30.570396423339844,15.06184196472168,-23.672800064086914,-3.7790303230285645,-6.414937973022461,-17.810590744018555,55.94085693359375,16.927305221557617,13.010953903198242,6.461394309997559,5.518009185791016,13.20323371887207,11.112900733947754,7.225290775299072,11.911262512207031,7.886483669281006,4.4992995262146,4.898340702056885,10.190664291381836,0.149098202586174,-0.017838047817349434,-1.1793673038482666,-0.46678197383880615,-0.06638000905513763,0.3871082067489624,0.08395551145076752,-0.071434885263443,0.26235830783843994,-0.28721317648887634,-0.031377095729112625,0.1803271770477295,0.40872135758399963,1,tutup2_pitch_-2.0.wav
1095.2693590553017,855.7209700124434,4096.0,16384.0,-0.1856101006269455,0.1477045863866806,4.8828125e-05,9.765625e-05,0.000146484375,0.0001953125,0.000244140625,0.00029296875,0.000341796875,0.000390625,0.000439453125,0.00048828125,0.9988489807937492,0.011532020568847667,0.2396976314485073,1.5281319732707388,1.0,-0.00010393494194915862,0.16563144957719786,-0.006023798603564501,0.12379409745335579,-0.7972145080566406,1.7972145080566406,0.2312573224194688,0.7479822373728984,0.23125729906351064,0.053479938370150006,-204.82305908203125,144.90309143066406,-2.529486656188965,22.352262496948242,-30.81708526611328,9.782670021057129,-18.10105323791504,-9.756319999694824,-6.494898319244385,-22.952627182006836,-0.5412926077842712,-14.882058143615723,1.3584524393081665,50.10002136230469,14.404654502868652,12.990304946899414,6.123802185058594,11.698529243469238,6.4890666007995605,7.824857711791992,7.585265159606934,10.054166793823242,10.49284839630127,5.292684555053711,6.7619853019714355,8.380517959594727,-0.2549842298030853,-0.36642274260520935,-1.0771516561508179,0.11777641624212265,0.22548571228981018,0.26487621665000916,-0.39449524879455566,-0.05008504539728165,-0.13753768801689148,-0.27802079916000366,0.4622052311897278,0.2625925838947296,-0.1518242508172989,1,tutup2_pitch_1.0.wav
869.4885905331621,662.7515339207562,4198.0,16793.0,-0.1625932902097702,0.12234639376401901,4.763719512195122e-05,9.527439024390244e-05,0.00014291158536585365,0.00019054878048780488,0.0002381859756097561,0.0002858231707317073,0.00033346036585365856,0.00038109756097560977,0.000428734756097561,0.0004763719512195122,0.9991112033059304,0.002777668833732594,0.2053113803267479,1.871009296243539,1.0,-0.00014092321964698188,0.14364442943004932,-0.0039843060076236725,0.10537360608577728,-0.8131315112113953,1.8131315112113953,0.20351903508895328,0.7614260694024179,0.20351898629902998,0.041419977784184756,-208.43600463867188,136.74874877929688,-0.8705558776855469,22.122051239013672,-26.809614181518555,13.121807098388672,-24.170639038085938,-2.2468273639678955,-13.286218643188477,-18.906015396118164,0.6113801598548889,-13.39708137512207,15.569494247436523,49.55842208862305,16.103456497192383,11.897151947021484,8.002158164978027,14.053590774536133,7.640406131744385,7.3162126541137695,8.937503814697266,7.3307271003723145,12.52591323852539,6.853508472442627,5.268387794494629,13.393647193908691,-1.1078954935073853,-0.8627312779426575,-1.0133919715881348,0.11667745560407639,0.645288348197937,0.30186697840690613,-0.2464355081319809,0.23814675211906433,-0.03769613057374954,0.2389044463634491,0.5498175621032715,0.12049878388643265,-0.42671799659729004,1,tutup2_pitch_2.0.wav
1216.6183647316484,808.9554018911348,4812.0,19251.0,-0.18424606323242188,0.1360315978527069,4.1555851063829786e-05,8.311170212765957e-05,0.00012466755319148935,0.00016622340425531914,0.00020777925531914894,0.0002493351063829787,0.0002908909574468085,0.0003324468085106383,0.0003740026595744681,0.0004155585106382979,0.9999771586259217,-0.005683115124702431,0.2438736017793417,1.5837916677707877,1.0,-0.00011874270887557518,0.16099997690524348,-0.004821100737899542,0.12319443142041564,-0.8285147547721863,1.8285147547721863,0.22485019805708095,0.7380270440809864,0.22485016670324623,0.050557597466477616,-211.44541931152344,145.8889923095703,-0.2972830832004547,28.44822120666504,-25.17926025390625,6.700952053070068,-9.626059532165527,-12.560848236083984,0.24535804986953735,-24.383285522460938,-1.8282995223999023,-14.140461921691895,-10.599873542785645,45.61958312988281,15.652668952941895,11.730484008789062,6.346715927124023,11.306292533874512,6.4159111976623535,7.919939994812012,8.04738998413086,11.6146240234375,9.69841480255127,4.0262675285339355,8.821914672851562,4.283918380737305,-0.7274787425994873,-0.502271831035614,-0.9126343131065369,-0.05206804350018501,0.23553015291690826,0.2763228118419647,-0.1985975056886673,0.24169868230819702,0.14180180430412292,-0.1566353589296341,0.2260681539773941,0.36565208435058594,0.1578708440065384,1,tutup2_stretch_0.85.wav
488.4130033299912,436.10737503654553,3584.0,14336.0,-0.12707474827766418,0.08835873007774353,5.580357142857143e-05,0.00011160714285714285,0.0001674107142857143,0.0002232142857142857,0.00027901785714285713,0.0003348214285714286,0.000390625,0.0004464285714285714,0.0005022321428571428,0.0005580357142857143,0.9999496246005589,-0.06608197093009949,0.1595027931034565,4.0280155112913,1.0,2.488395760650062e-05,0.11224146290593376,-0.005445484537631273,0.08039243100211024,-0.4214426279067993,1.4214426279067993,0.16509145925204083,1.3584033886123492,0.16509145737668232,0.027255189298756918,-234.87942504882812,148.1646270751953,0.8490538001060486,27.270795822143555,-25.47589111328125,6.027746200561523,-10.0590181350708,-12.222436904907227,1.7847208976745605,-22.805389404296875,-2.8233277797698975,-13.978323936462402,-10.526167869567871,43.30421829223633,16.065704345703125,14.415220260620117,7.455118656158447,9.598190307617188,8.159308433532715,8.732403755187988,6.149182319641113,12.058429718017578,7.638982772827148,6.052984714508057,9.710753440856934,5.2927141189575195,-0.8078514933586121,-0.9970507025718689,-1.3497511148452759,-0.19686397910118103,0.3957603871822357,0.5018061399459839,-0.36487600207328796,0.12817221879959106,-0.025599280372262,-0.022576119750738144,0.5683695673942566,0.7344785928726196,0.3838096857070923,1,tutup2_stretch_1.15.wav
1320.4980800097906,825.3435399881499,5120.0,20480.0,-0.1414269208908081,0.08782447874546051,3.90625e-05,7.8125e-05,0.0001171875,0.00015625,0.0001953125,0.000234375,0.0002734375,0.0003125,0.0003515625,0.000390625,0.9999786599925629,0.020045191049575806,0.14757513999938965,2.4432587289653336,1.0,-1.2920942030900662e-05,0.1459710206956285,-0.0058557281736284494,0.07019485929049551,-0.7817360162734985,1.7817360162734985,0.22711661377006845,0.7732465643120642,0.22711661340252434,0.051581956083431704,-174.2696533203125,129.12452697753906,9.932413101196289,23.33670425415039,-14.008893013000488,6.602813243865967,-5.830208778381348,-11.56563663482666,-4.830123424530029,-19.840513229370117,-6.733856201171875,-5.994150161743164,-13.35527229309082,45.21137237548828,20.86063003540039,11.498465538024902,9.050193786621094,16.145849227905273,8.243583679199219,4.714263439178467,9.481552124023438,5.543632507324219,11.904212951660156,7.783139705657959,11.411714553833008,8.123848915100098,-0.16776466369628906,0.49381473660469055,0.31932541728019714,-0.41142451763153076,-0.4627487063407898,-0.2399846762418747,-0.025539716705679893,-0.10568895190954208,-0.12033815681934357,-0.33267319202423096,-0.3580113649368286,-0.2524908185005188,-0.022228119894862175,1,tutup3_noise_0.003.wav
1316.6365806539911,822.9300086122058,5120.0,20480.0,-0.14173182845115662,0.08701111376285553,3.90625e-05,7.8125e-05,0.0001171875,0.00015625,0.0001953125,0.000234375,0.0002734375,0.0003125,0.0003515625,0.000390625,0.9999679899888443,0.018012082576751687,0.14736142568290234,2.4439639702732032,1.0,-5.2311487318794646e-05,0.14588008258830876,-0.005710785277187824,0.07037151604890823,-0.7854325771331787,1.7854325771331787,0.22678429494080168,0.7727849492843404,0.22678428890755378,0.05143111369530482,-151.14462280273438,105.0764389038086,22.561059951782227,16.185779571533203,-9.303423881530762,4.0761566162109375,-5.45975399017334,-9.041495323181152,-9.00216293334961,-14.667707443237305,-9.706987380981445,-5.468218803405762,-11.661763191223145,41.57033920288086,22.016874313354492,10.33408260345459,7.71734094619751,14.753924369812012,8.596213340759277,4.191313743591309,9.1441011428833,5.589803695678711,11.276473999023438,8.122427940368652,10.30434799194336,7.007529258728027,0.09054344892501831,0.37709325551986694,0.1954510658979416,-0.2947874069213867,-0.4630930721759796,-0.2692946493625641,0.0038770483806729317,-0.021436525508761406,-0.1747639775276184,-0.2867346704006195,-0.4196822941303253,-0.2253655642271042,0.020859302952885628,1,tutup3_noise_0.008.wav
676.1479786788462,414.32222660417216,5222.0,20889.0,-0.07925460487604141,0.06445317715406418,3.829656862745098e-05,7.659313725490196e-05,0.00011488970588235294,0.00015318627450980392,0.0001914828431372549,0.00022977941176470588,0.0002680759803921569,0.00030637254901960784,0.00034466911764705885,0.0003829656862745098,0.9999634585320225,0.012605059146881092,0.08176605496555567,4.098808810716194,1.0,-7.991125487616815e-05,0.09886943387376465,0.00016779646830400452,0.040710240602493286,-0.7952635288238525,1.7952635288238525,0.16091658543415188,0.4266058406009883,0.16091656559216658,0.025894141081978045,-239.68234252929688,150.91302490234375,0.3602181077003479,32.431575775146484,-13.910633087158203,0.09390787780284882,2.5783655643463135,-18.942928314208984,6.8053178787231445,-22.803285598754883,-6.316057205200195,-3.7903692722320557,-15.455862045288086,47.56270217895508,21.041038513183594,9.907835960388184,7.651943206787109,16.16385841369629,11.166634559631348,8.143759727478027,9.437594413757324,8.104169845581055,10.905447959899902,10.610177040100098,8.703437805175781,12.51296615600586,-0.8210358023643494,0.48304483294487,0.29926812648773193,-0.3899097144603729,-0.38096296787261963,-0.3502451181411743,-0.05919725075364113,0.026600003242492676,-0.003684468101710081,-0.09701235592365265,-0.34884196519851685,-0.2344895750284195,-0.10526132583618164,1,tutup3_pitch_-1.0.wav
1256.3638991683258,755.0547416404316,5324.0,21299.0,-0.10659587383270264,0.1101134717464447,3.7560096153846156e-05,7.512019230769231e-05,0.00011268028846153847,0.00015024038461538462,0.00018780048076923078,0.00022536057692307694,0.00026292067307692306,0.00030048076923076925,0.0003380408653846154,0.00037560096153846156,0.999994889935693,0.03376848697662349,0.1251679453998804,2.211200408861697,0.8795790672302246,-6.98593703569386e-05,0.1398667067066771,0.0012534412671811879,0.0625225004623644,-1.0,1.8795790672302246,0.2172306351714311,-0.02641404760085077,0.21723062393836595,0.047189143976651776,-193.026123046875,143.59393310546875,3.4843316078186035,26.725719451904297,-2.7676284313201904,-8.210227966308594,13.69621753692627,-25.497726440429688,9.907793998718262,-23.382768630981445,-8.637027740478516,-3.46004581451416,-15.352601051330566,45.10502624511719,19.871435165405273,9.308072090148926,5.946567058563232,14.743313789367676,12.455605506896973,9.798593521118164,9.455899238586426,5.634936332702637,7.6823272705078125,10.676473617553711,7.176580905914307,16.927507400512695,-1.0949777364730835,0.7108163833618164,0.29261186718940735,-0.1974027156829834,-0.3585435450077057,-0.2562607228755951,-0.19245027005672455,-0.26613467931747437,-0.03203543275594711,-0.1139320433139801,-0.2599688172340393,-0.37488463521003723,-0.5109286904335022,1,tutup3_pitch_-2.0.wav
1443.8395694215124,867.724640752139,5324.0,21299.0,-0.10996967554092407,0.11222140491008759,3.7560096153846156e-05,7.512019230769231e-05,0.00011268028846153847,0.00015024038461538462,0.00018780048076923078,0.00022536057692307694,0.00026292067307692306,0.00030048076923076925,0.0003380408653846154,0.00037560096153846156,0.9999744496784629,-0.09127754569053648,0.12641795631498098,1.9138067786907733,1.0,-6.942097485336833e-05,0.1490990526011722,0.0028241275576874614,0.06330774538218975,-0.9841409921646118,1.9841409921646118,0.23287497301814086,0.1393629283780488,0.2328749626708034,0.05423074823892808,-194.7848358154297,141.05650329589844,-5.565419673919678,34.24551010131836,-21.337392807006836,13.152697563171387,-16.483688354492188,-9.233022689819336,-5.3125505447387695,-22.479068756103516,3.1340439319610596,-12.062832832336426,0.19966761767864227,47.393310546875,19.828763961791992,8.899251937866211,11.463836669921875,16.60662078857422,9.051742553710938,6.765240669250488,11.687914848327637,6.738521099090576,14.77906322479248,8.799907684326172,13.583138465881348,4.212888240814209,-0.9384099245071411,0.3686700165271759,0.1795114278793335,-0.4809834957122803,-0.28688111901283264,-0.19569708406925201,0.024859590455889702,-0.06435277312994003,-0.13624809682369232,-0.3372645378112793,-0.3199818730354309,-0.3533082902431488,-0.12078291177749634,1,tutup3_pitch_1.0.wav
995.6503504204013,818.8334930211474,3891.0,15564.0,-0.1438351571559906,0.15063725411891937,5.139802631578947e-05,0.00010279605263157894,0.0001541940789473684,0.00020559210526315788,0.00025699013157894735,0.0003083881578947368,0.0003597861842105263,0.00041118421052631577,0.00046258223684210524,0.0005139802631578947,0.9999783555778479,-0.0711929202079773,0.22037165984511375,1.93588257065079,1.0,5.483174598434235e-06,0.15807652939082537,5.702087946701795e-05,0.11017657602496911,-0.9476234912872314,1.9476234912872314,0.2262177334167965,-0.009392737578720197,0.22621773335034456,0.05117446288216759,-198.203857421875,147.6944580078125,-3.540235757827759,23.39752769470215,-29.19993019104004,13.877516746520996,-21.634986877441406,-10.482465744018555,-16.035755157470703,-25.809478759765625,2.766761302947998,-18.950237274169922,8.765191078186035,46.40251541137695,14.5651273727417,9.135795593261719,12.934877395629883,13.238577842712402,9.840753555297852,7.44466495513916,11.02541446685791,6.339175701141357,7.532690525054932,6.763519287109375,8.865265846252441,6.675015449523926,-3.2079155445098877,0.4054136574268341,0.46366775035858154,-1.1806281805038452,-0.043247517198324203,-0.4096413552761078,0.458495557308197,0.35754624009132385,-0.024703148752450943,-0.1597803384065628,-0.47818902134895325,-0.062027785927057266,0.05955579876899719,1,tutup3_pitch_2.0.wav
1362.9443203368503,709.8899419053225,6144.0,24576.0,-0.10803516209125519,0.13002586364746094,3.255208333333333e-05,6.510416666666667e-05,9.765625e-05,0.00013020833333333333,0.00016276041666666666,0.0001953125,0.00022786458333333334,0.00026041666666666666,0.00029296875,0.0003255208333333333,0.9999737956753958,-0.03882674276828757,0.13545765168964863,1.7724294932313915,0.7475877404212952,-2.2941512147907812e-05,0.13935139374154665,0.0026239934377372265,0.06621265830472112,-1.0,1.7475877404212952,0.21063398845936168,-0.44655115275497126,0.21063398721000734,0.044366676567985534,-210.77493286132812,145.56312561035156,-5.420567512512207,32.90912628173828,-21.442989349365234,8.87924575805664,-5.451849937438965,-12.939743041992188,1.4281275272369385,-23.88188934326172,-2.3449032306671143,-8.075621604919434,-11.681192398071289,46.49221420288086,19.589731216430664,8.95864486694336,9.490285873413086,17.151708602905273,9.221253395080566,5.520453453063965,10.753890991210938,6.755321979522705,12.626248359680176,8.744344711303711,13.673070907592773,10.675378799438477,-0.5458564758300781,0.45039892196655273,0.35565292835235596,-0.2563682794570923,-0.31208181381225586,-0.20984619855880737,-0.028141839429736137,-0.13972757756710052,-0.07076209783554077,-0.2544715404510498,-0.3873547315597534,-0.2863541841506958,-0.10259811580181122,1,tutup3_stretch_0.85.wav
653.3080417386875,464.01778611528385,4505.0,18022.0,-0.11441165953874588,0.09753729403018951,4.438920454545455e-05,8.87784090909091e-05,0.00013316761363636363,0.0001775568181818182,0.00022194602272727272,0.00026633522727272725,0.0003107244318181818,0.0003551136363636364,0.00039950284090909093,0.00044389204545454544,0.9999877203459401,-0.003456360101699807,0.12345875799655914,3.272808592820115,1.0,-1.5166852531626903e-05,0.11177916062743444,0.0004862420755671337,0.06128808813809883,-0.8244661092758179,1.8244661092758179,0.17029334777356675,0.30320690787505994,0.17029334709816335,0.028999824065895543,-237.16848754882812,148.82919311523438,-3.1776835918426514,33.38943862915039,-16.940370559692383,10.498327255249023,-4.193860054016113,-13.2094087600708,0.08820311725139618,-25.228527069091797,-3.533419132232666,-11.755400657653809,-12.659744262695312,48.66835021972656,21.26254653930664,9.695636749267578,8.588154792785645,14.881353378295898,7.979503154754639,4.272388458251953,10.730240821838379,7.449893474578857,13.481273651123047,7.954441070556641,14.257174491882324,9.443466186523438,-0.6485750675201416,0.5493506789207458,0.4052044451236725,-0.5458226799964905,-0.43604397773742676,-0.2038266658782959,0.024259503930807114,0.07364292442798615,0.0035592317581176758,-0.3464353084564209,-0.3999079465866089,-0.269027441740036,-0.12107609957456589,1,tutup3_stretch_1.15.wav
930.0926497094755,1529.9149167627847,1945.0,7782.0,-0.14797337353229523,0.12507162988185883,0.00010279605263157894,0.00020559210526315788,0.0003083881578947368,0.00041118421052631577,0.0005139802631578947,0.0006167763157894736,0.0007195723684210526,0.0008223684210526315,0.0009251644736842105,0.0010279605263157894,0.9999844811873363,-0.0969774156808853,0.15100759454071522,1.5112177286382877,1.0,0.00057133983119235,0.19689969514729755,-0.0021273945458233356,0.0753627116791904,-0.9945043921470642,1.9945043921470642,0.30920842965834544,0.12087575419516923,0.30920790181134966,0.09560952654257725,-159.21853637695312,132.73855590820312,5.196824550628662,14.789332389831543,-26.2708740234375,-10.096338272094727,-4.611899375915527,-22.727558135986328,-16.572736740112305,-29.049434661865234,-4.720107078552246,5.117409706115723,-7.149698734283447,71.12709045410156,21.893348693847656,18.422847747802734,22.013916015625,25.830177307128906,8.404061317443848,10.037980079650879,15.47107982635498,12.135552406311035,9.738871574401855,13.508488655090332,6.843128681182861,6.1726298332214355,-5.7231903076171875,0.1769578456878662,2.689081907272339,-0.32638677954673767,-1.302682638168335,-0.3717568814754486,-0.02128172479569912,0.28447461128234863,1.3282524347305298,1.2277487516403198,-1.070325255393982,-0.811633288860321,0.16525651514530182,1,tutup4_noise_0.003.wav
933.5096693264478,1535.5355926003047,1945.0,7782.0,-0.14854487776756287,0.12435571849346161,0.00010279605263157894,0.00020559210526315788,0.0003083881578947368,0.00041118421052631577,0.0005139802631578947,0.0006167763157894736,0.0007195723684210526,0.0008223684210526315,0.0009251644736842105,0.0010279605263157894,1.0,-0.09824547767639158,0.15104372613132,1.5108012144483212,1.0,0.0004949101275563431,0.1973702088419031,-0.0020679449662566185,0.07599780708551407,-0.9968099594116211,1.996809959411621,0.30977590141934763,0.12100070883631,0.3097755060751819,0.09596086416413505,-140.66943359375,114.00102233886719,13.938227653503418,10.822854995727539,-24.45570945739746,-8.993132591247559,-7.526907920837402,-18.752946853637695,-20.538028717041016,-24.649349212646484,-6.779958248138428,4.830268859863281,-5.622533321380615,61.41407012939453,24.095876693725586,17.752513885498047,20.707759857177734,26.060108184814453,8.216599464416504,9.36035442352295,15.371524810791016,12.159059524536133,8.893970489501953,12.287285804748535,8.133444786071777,6.366787433624268,-4.425101280212402,-0.6757797002792358,2.384878635406494,0.0424652099609375,-1.1498100757598877,-0.36414462327957153,-0.18816480040550232,0.3361355662345886,1.3464090824127197,1.3368909358978271,-0.7697993516921997,-1.1459686756134033,0.2590133547782898,1,tutup4_noise_0.008.wav
375.07596677826234,616.9646826824506,1945.0,7782.0,-0.08829838037490845,0.09440271556377411,0.00010279605263157894,0.00020559210526315788,0.0003083881578947368,0.00041118421052631577,0.0005139802631578947,0.0006167763157894736,0.0007195723684210526,0.0008223684210526315,0.0009251644736842105,0.0010279605263157894,1.0,-0.06294886767864227,0.11267636436969042,2.1715903530146434,0.7037293314933777,0.0005142951680901538,0.12622681883651976,0.0011232043034397066,0.056478120386600494,-1.0,1.7037293314933777,0.19635765536840832,-0.16132286563972742,0.19635698185259085,0.038556064322258686,-205.087890625,146.12283325195312,3.1988768577575684,18.899961471557617,-21.506254196166992,-18.132661819458008,7.218219757080078,-27.307437896728516,-8.616769790649414,-33.33803939819336,-12.493499755859375,5.470067024230957,-12.504388809204102,71.94099426269531,22.046051025390625,13.529311180114746,21.07994842529297,23.305370330810547,11.195158958435059,7.7586870193481445,16.150991439819336,7.866368293762207,13.384464263916016,14.325961112976074,9.838882446289062,9.102910995483398,-6.678617000579834,1.0687942504882812,1.6078855991363525,0.260213702917099,-1.4085872173309326,0.18787451088428497,-0.41439300775527954,0.07204775512218475,0.7472182512283325,1.6408649682998657,-0.45413893461227417,-0.9130765795707703,-0.05931653827428818,1,tutup4_pitch_-1.0.wav
708.5857446240921,1230.3170823641317,1843.0,7372.0,-0.1367107331752777,0.13294991850852966,0.00010850694444444444,0.00021701388888888888,0.0003255208333333333,0.00043402777777777775,0.0005425347222222222,0.0006510416666666666,0.0007595486111111111,0.0008680555555555555,0.0009765625,0.0010850694444444445,0.9999670440205445,0.028847759962081998,0.15742363221943378,1.7898652581819885,0.8706322908401489,-0.0004894266613654589,0.17752588513445802,0.0002984215097967535,0.07928144186735153,-1.0,1.870632290840149,0.2772841034499664,-0.1141474515311663,0.2772836715127575,0.07688623448759481,-181.20179748535156,139.0482177734375,9.418212890625,15.785212516784668,-10.031437873840332,-30.77008628845215,9.148072242736816,-30.955408096313477,-5.529883861541748,-28.989328384399414,-20.393972396850586,2.539623737335205,-11.315095901489258,69.36087799072266,19.33836555480957,15.815990447998047,17.611461639404297,24.300649642944336,16.672306060791016,6.2776780128479,14.152840614318848,7.361344814300537,18.71148109436035,9.200514793395996,9.506393432617188,7.569235324859619,-5.20845365524292,1.5355451107025146,2.030679941177368,0.9640812277793884,-2.6889562606811523,-0.8229808807373047,-0.4267444610595703,-0.2232012301683426,0.029572412371635437,3.000823974609375,0.20263323187828064,-0.5404817461967468,-0.14669355750083923,1,tutup4_pitch_-2.0.wav
487.18215375584555,801.3688146492782,1945.0,7782.0,-0.10695099085569382,0.11788934469223022,0.00010279605263157894,0.00020559210526315788,0.0003083881578947368,0.00041118421052631577,0.0005139802631578947,0.0006167763157894736,0.0007195723684210526,0.0008223684210526315,0.0009251644736842105,0.0010279605263157894,1.0,-0.029086515307426453,0.1373461503535509,1.686338221068242,1.0,0.00046156844909171405,0.14756629028559842,-0.00017996628594119102,0.06888418644666672,-0.8710663914680481,1.871066391468048,0.22378651058241175,-0.20488468501405657,0.22378603458039711,0.050080189273218695,-191.8173828125,141.22451782226562,-7.069689750671387,17.3359317779541,-37.223331451416016,-9.163586616516113,-13.68830394744873,-28.438739776611328,-16.170869827270508,-29.600955963134766,8.651580810546875,-4.129890441894531,1.1029064655303955,73.5320816040039,20.48589515686035,17.063886642456055,26.137460708618164,24.0533447265625,7.6618170738220215,11.053262710571289,13.691716194152832,12.84511947631836,12.059972763061523,12.61801815032959,6.747316360473633,5.055994033813477,-7.125144958496094,0.6307092905044556,2.634734630584717,-0.1795191764831543,-1.8015094995498657,-0.7570239901542664,-0.514866054058075,0.45172056555747986,1.4764232635498047,0.210890531539917,-1.4981178045272827,-0.12097406387329102,0.18431569635868073,1,tutup4_pitch_1.0.wav
447.1695374050985,735.5518246614141,1945.0,7782.0,-0.09522131085395813,0.10060890763998032,0.00010279605263157894,0.00020559210526315788,0.0003083881578947368,0.00041118421052631577,0.0005139802631578947,0.0006167763157894736,0.0007195723684210526,0.0008223684210526315,0.0009251644736842105,0.0010279605263157894,1.0,-0.021822524070739757,0.1166559923440218,2.1923697325431517,1.0,-0.00013933701217267767,0.1360072085123425,0.0019113403977826238,0.05811866372823715,-0.8578591346740723,1.8578591346740723,0.2143997744922632,-0.06564554067139369,0.21439972921515166,0.04596724388753035,-192.02645874023438,139.13247680664062,-8.183877944946289,13.64354133605957,-38.005409240722656,-1.735281229019165,-19.252437591552734,-27.74612808227539,-21.193370819091797,-19.44775390625,16.224523544311523,-7.402118682861328,8.138162612915039,71.31980895996094,21.245655059814453,13.981679916381836,28.68930435180664,26.839466094970703,3.8262557983398438,14.013420104980469,8.618948936462402,12.620272636413574,15.479640007019043,11.255263328552246,9.509903907775879,5.8013691902160645,-5.999269008636475,1.1215317249298096,1.5801382064819336,-1.2553434371948242,-1.7849925756454468,-0.03208092600107193,0.02375694550573826,0.6965571045875549,1.3279569149017334,-0.4035351872444153,-1.3422693014144897,0.5673655271530151,-0.2587537169456482,1,tutup4_pitch_2.0.wav
747.144270512282,1111.925246786021,2150.0,8601.0,-0.14301933348178864,0.13560624420642853,9.300595238095238e-05,0.00018601190476190475,0.00027901785714285713,0.0003720238095238095,0.0004650297619047619,0.0005580357142857143,0.0006510416666666666,0.000744047619047619,0.0008370535714285714,0.0009300595238095238,0.9999999999999998,-0.03370102047920226,0.172782052308321,1.084064563313449,1.0,0.0002408187126602983,0.17755002101719397,-0.0006470938096754253,0.08644050330622122,-0.8794564008712769,1.8794564008712769,0.2636074058993159,0.05251821674417342,0.2636072958992492,0.06948880645131432,-188.18121337890625,141.9628143310547,-3.817390203475952,17.591041564941406,-30.531713485717773,-11.688010215759277,-4.657407760620117,-28.145017623901367,-12.27298355102539,-32.951416015625,-1.3841015100479126,5.4717020988464355,-7.864217758178711,64.70640563964844,23.817724227905273,16.12078285217285,24.779796600341797,25.51860237121582,8.23946475982666,10.457752227783203,14.35814094543457,12.4679536819458,10.003913879394531,12.688597679138184,7.387364387512207,7.410088062286377,-6.485752582550049,0.8118762969970703,2.460775136947632,-0.5374599099159241,-1.8215543031692505,-0.6330298781394958,0.08113711327314377,0.25759217143058777,1.4536076784133911,1.188788890838623,-1.0796244144439697,-0.5187644362449646,0.5310770869255066,1,tutup4_stretch_0.85.wav
564.4352164561567,1037.6839553370685,1740.0,6963.0,-0.11270026862621307,0.11604555696249008,0.00011488970588235294,0.00022977941176470588,0.00034466911764705885,0.00045955882352941176,0.0005744485294117647,0.0006893382352941177,0.0008042279411764705,0.0009191176470588235,0.0010340073529411765,0.0011488970588235295,1.0,0.08247493803501138,0.12208003457635641,2.415480660684284,0.9681362509727478,0.0001169544712242712,0.15887377769473748,0.0002089175395667553,0.06106156902387738,-1.0,1.9681362509727478,0.25465230414879436,-0.034761852018171904,0.25465227729188233,0.06484778232994172,-182.84078979492188,147.46966552734375,-0.9445513486862183,19.869829177856445,-29.009117126464844,-10.249818801879883,-0.3370072543621063,-24.62505531311035,-12.57116413116455,-31.962106704711914,-0.13461722433567047,5.02458381652832,-7.416284561157227,72.99555969238281,20.50044059753418,15.858436584472656,22.852012634277344,23.885181427001953,8.863094329833984,10.273239135742188,15.412470817565918,13.621143341064453,12.770801544189453,13.220807075500488,7.855199813842773,6.5272016525268555,-5.1415629386901855,1.1979079246520996,2.3994076251983643,-1.0964714288711548,-2.058790922164917,-0.3748326897621155,-0.011847959831357002,-0.20024994015693665,1.9165587425231934,1.7049946784973145,-1.6493067741394043,-1.0414950847625732,-0.029568837955594063,1,tutup4_stretch_1.15.wav
814.3076927342938,620.690919143857,4198.0,16793.0,-0.04498526453971863,0.03585996851325035,4.763719512195122e-05,9.527439024390244e-05,0.00014291158536585365,0.00019054878048780488,0.0002381859756097561,0.0002858231707317073,0.00033346036585365856,0.00038109756097560977,0.000428734756097561,0.0004763719512195122,0.9999800924857775,-0.00947015583515165,0.05845070444047451,5.77918693860742,1.0,8.090034254075078e-06,0.10376770921479579,-0.0016156438505277038,0.029221481061540544,-0.8354002833366394,1.8354002833366394,0.19695515847037226,0.7469933542120017,0.19695515830422114,0.038791334382640805,-193.065673828125,110.08969116210938,6.310971260070801,22.134170532226562,-2.107553482055664,2.9695310592651367,-3.7623133659362793,-7.19718074798584,-14.427827835083008,-20.468036651611328,-0.295878529548645,1.9718126058578491,-0.30633729696273804,40.952579498291016,20.701372146606445,9.784497261047363,7.633172035217285,9.556297302246094,8.033464431762695,5.689886093139648,8.42276668548584,9.631385803222656,9.510923385620117,6.611003875732422,7.3293538093566895,3.2369813919067383,-0.43757879734039307,0.26496851444244385,0.513373851776123,-0.10493968427181244,-0.10874707251787186,-0.13495762646198273,0.19278296828269958,-0.07866010069847107,-0.23791639506816864,-0.362196147441864,-0.3314681649208069,-0.03766806423664093,-0.04666413366794586,1,tutup5_noise_0.003.wav
804.5311667306967,613.2389437230788,4198.0,16793.0,-0.04516725242137909,0.036610111594200134,4.763719512195122e-05,9.527439024390244e-05,0.00014291158536585365,0.00019054878048780488,0.0002381859756097561,0.0002858231707317073,0.00033346036585365856,0.00038109756097560977,0.000428734756097561,0.0004763719512195122,0.9999800924857775,-0.008954814076423623,0.05941574927419424,5.7637893847656905,1.0,6.164005644137292e-05,0.1034433797136845,-0.0014863936812616885,0.02963165653636679,-0.8344632983207703,1.8344632983207703,0.1957692727964255,0.7455638254825471,0.19576926309240866,0.03832560437174472,-168.4373016357422,85.61360931396484,17.730173110961914,16.654340744018555,-0.28944772481918335,2.612138032913208,-3.9036004543304443,-6.588325023651123,-16.41335105895996,-14.610881805419922,-4.215864181518555,3.3085062503814697,0.6200879812240601,36.420509338378906,22.408042907714844,9.396522521972656,6.855030059814453,9.658446311950684,6.798480987548828,4.805881023406982,7.865050315856934,9.547518730163574,9.372071266174316,6.85791015625,6.936361312866211,3.3988051414489746,-0.17005300521850586,0.17573513090610504,0.46875500679016113,-0.06100160628557205,-0.2267264872789383,-0.10499373823404312,0.02110927738249302,0.05986903980374336,-0.20300136506557465,-0.3519980013370514,-0.2646876871585846,-0.19886954128742218,-0.01453110296279192,1,tutup5_noise_0.008.wav
816.3636909791275,607.4417083972487,4300.0,17203.0,-0.04594380035996437,0.04696181043982506,4.650297619047619e-05,9.300595238095238e-05,0.00013950892857142856,0.00018601190476190475,0.00023251488095238094,0.00027901785714285713,0.0003255208333333333,0.0003720238095238095,0.0004185267857142857,0.0004650297619047619,0.9999870756112935,-0.029886186122894287,0.06759185902774334,4.052973571160607,0.763843297958374,2.015354779565368e-05,0.10782782429570105,0.00013704072625841945,0.03381475400237832,-1.0,1.763843297958374,0.19484183658642623,-0.31277210094924157,0.19484183554413084,0.03796334087820613,-206.51022338867188,127.14751434326172,-3.478774309158325,28.541038513183594,-1.790018081665039,2.6514737606048584,4.728785991668701,-11.168158531188965,-1.2935932874679565,-28.9332275390625,-0.5670003294944763,-1.0775831937789917,-1.8161882162094116,45.454246520996094,20.398263931274414,9.678123474121094,8.070302963256836,9.040377616882324,11.408154487609863,5.978347301483154,6.615909099578857,9.29142951965332,9.994217872619629,6.289285659790039,7.891472816467285,8.053759574890137,-0.6238839030265808,0.6558636426925659,0.4935077428817749,0.08908485621213913,-0.16195569932460785,-0.21791952848434448,0.14184856414794922,0.12423943728208542,-0.1793803721666336,-0.5214667916297913,-0.19106116890907288,0.0038953630719333887,-0.15736621618270874,1,tutup5_pitch_-1.0.wav
803.6290205785052,597.9660665607629,4300.0,17203.0,-0.057897258549928665,0.04372898116707802,4.650297619047619e-05,9.300595238095238e-05,0.00013950892857142856,0.00018601190476190475,0.00023251488095238094,0.00027901785714285713,0.0003255208333333333,0.0003720238095238095,0.0004185267857142857,0.0004650297619047619,0.9999741512225868,0.07550071775913236,0.07376973889768124,5.722896022180711,1.0,-7.456150856760018e-05,0.10647061188886016,-0.002181493560783565,0.03649882599711418,-0.6809077858924866,1.6809077858924866,0.19331616903388588,1.0966430800294122,0.1933161546548021,0.03737113565051936,-205.8769989013672,124.87823486328125,4.549849987030029,26.75328254699707,6.822080612182617,-6.779646873474121,12.634032249450684,-14.923282623291016,6.904883861541748,-28.086854934692383,-6.706594944000244,-1.6581974029541016,-4.921994686126709,45.94651412963867,19.434778213500977,11.651331901550293,6.915370464324951,8.846809387207031,12.954995155334473,4.760313510894775,5.007720947265625,7.327206134796143,9.620281219482422,7.229469299316406,4.426881313323975,9.832412719726562,-0.818543553352356,0.42591777443885803,0.5271080136299133,0.3477531373500824,-0.08626823872327805,-0.2440488040447235,0.13532210886478424,0.13585999608039856,-0.026540124788880348,-0.46378716826438904,-0.3239656984806061,-0.09873689711093903,-0.1737818717956543,1,tutup5_pitch_-2.0.wav
937.385083127687,714.5043747340761,4198.0,16793.0,-0.052405353635549545,0.05023349076509476,4.763719512195122e-05,9.527439024390244e-05,0.00014291158536585365,0.00019054878048780488,0.0002381859756097561,0.0002858231707317073,0.00033346036585365856,0.00038109756097560977,0.000428734756097561,0.0004763719512195122,0.9999867283238516,0.021140778064727694,0.07563916221261024,4.094901199219975,0.8566195964813232,-3.16156375427822e-05,0.1177403218785133,-0.00021791121253045276,0.03783789427689044,-1.0,1.8566195964813232,0.21131586809645908,-0.046701409192031126,0.21131586573140115,0.044654395109811555,-199.6308135986328,122.67218780517578,-9.58159065246582,33.468780517578125,-10.47205924987793,8.762898445129395,-10.65636157989502,-8.610587120056152,-17.486873626708984,-16.384109497070312,9.645744323730469,-5.517369747161865,5.603516101837158,42.592166900634766,20.146883010864258,7.529093265533447,9.692351341247559,8.99007797241211,9.5405855178833,6.797869682312012,11.71256160736084,10.995877265930176,11.125483512878418,5.506929397583008,9.099853515625,6.467143535614014,0.27326229214668274,0.9592207074165344,0.5441315770149231,-0.10756005346775055,-0.09922731667757034,0.028715435415506363,0.03109428472816944,-0.4154101312160492,-0.4746912121772766,-0.4851052463054657,-0.041953522711992264,-0.1993899792432785,-0.1079714447259903,1,tutup5_pitch_1.0.wav
820.1244564569488,596.04775395463,4403.0,17612.0,-0.05261005088686943,0.05452154204249382,4.5421511627906976e-05,9.084302325581395e-05,0.00013626453488372093,0.0001816860465116279,0.00022710755813953488,0.00027252906976744186,0.00031795058139534886,0.0003633720930232558,0.0004087936046511628,0.00045421511627906976,0.9999685147109106,0.039021334052085965,0.07933049835264683,5.760068994606208,0.8891296982765198,6.840678981785729e-06,0.10584579069623394,8.106272071017884e-05,0.03972946892827167,-1.0,1.8891296982765198,0.19300593911921515,-0.23776372959247072,0.1930059389979886,0.0372512924884953,-172.45779418945312,119.81208038330078,-12.096983909606934,32.54727554321289,-13.98239803314209,11.50674057006836,-14.688945770263672,-6.701446056365967,-23.9285888671875,-5.534449577331543,9.932029724121094,-1.903601884841919,8.605697631835938,45.54856872558594,20.032928466796875,7.4993438720703125,8.65529727935791,10.783883094787598,6.4624857902526855,8.378735542297363,9.851933479309082,10.263710975646973,7.419896125793457,5.72097635269165,4.933929443359375,7.293703556060791,-2.0028626918792725,0.19537296891212463,0.4406528174877167,0.02264653891324997,-0.07126197218894958,-0.045143868774175644,0.10659956932067871,-0.17882946133613586,-0.29918354749679565,-0.21631485223770142,-0.020223909988999367,-0.04497957602143288,-0.21073627471923828,1,tutup5_pitch_2.0.wav
1323.708179746378,844.2352962068819,5017.0,20070.0,-0.06019436568021774,0.0665665715932846,3.985969387755102e-05,7.971938775510203e-05,0.00011957908163265306,0.00015943877551020407,0.0001992984693877551,0.00023915816326530612,0.00027901785714285713,0.00031887755102040814,0.0003587372448979592,0.0003985969387755102,0.9999727263186866,-0.09990142285823822,0.09474465157836676,3.9514327729045284,1.0,1.061511685403052e-05,0.13051672482212348,-0.0005520573758985847,0.04721756753860973,-0.9998207688331604,1.9998207688331604,0.22970111629659293,0.0026307613618492577,0.22970111605131616,0.05276260271522021,-180.4781494140625,126.2166976928711,-6.989294528961182,32.667015075683594,-7.338895320892334,6.241209506988525,-4.982839584350586,-8.694256782531738,-9.356325149536133,-25.603300094604492,4.504828453063965,-2.1190803050994873,3.076751947402954,44.54542922973633,19.417572021484375,8.223930358886719,9.187888145446777,8.991650581359863,10.616931915283203,8.522592544555664,8.796910285949707,9.570650100708008,10.912409782409668,7.105691909790039,8.266745567321777,4.301636695861816,-1.5918974876403809,0.23850895464420319,0.33780375123023987,0.1375836431980133,-0.006202688440680504,0.0483599416911602,0.1520908921957016,0.15857844054698944,-0.06761420518159866,-0.4622710943222046,-0.3532588481903076,-0.12161936610937119,-0.08618804812431335,1,tutup5_stretch_0.85.wav
777.3382135613597,674.8093655787399,3686.0,14745.0,-0.0530938096344471,0.05129660293459892,5.425347222222222e-05,0.00010850694444444444,0.00016276041666666666,0.00021701388888888888,0.0002712673611111111,0.0003255208333333333,0.00037977430555555556,0.00043402777777777775,0.00048828125,0.0005425347222222222,0.9999923424475122,0.05884648561477657,0.07616364769637585,4.589758237191982,0.9251754283905029,5.721053897403097e-05,0.11461432757546142,0.0005109406483825296,0.03802438857383095,-1.0,1.925175428390503,0.20536138190205838,-0.03136980813482447,0.2053613739330678,0.0421732939036773,-183.76834106445312,128.075439453125,-8.810781478881836,29.78310775756836,-9.478572845458984,5.487242221832275,-4.001104354858398,-10.824426651000977,-10.061795234680176,-25.53606414794922,5.34219217300415,-1.5770329236984253,1.2898433208465576,44.39018249511719,19.091398239135742,7.111120700836182,9.297597885131836,8.273237228393555,9.932827949523926,6.154026985168457,8.975542068481445,10.667728424072266,10.673355102539062,5.084511756896973,8.445541381835938,3.4089515209198,0.021111231297254562,1.0053797960281372,0.5081890225410461,0.009756178595125675,-0.17710721492767334,-0.09305150806903839,0.1572376787662506,-0.2149897664785385,-0.6843531131744385,-0.73891282081604,-0.2856816351413727,-0.36446401476860046,-0.13900499045848846,1,tutup5_stretch_1.15.wav
2038.7474321487587,1930.7463104101887,3379.0,13516.0,-0.32107341289520264,0.30190566182136536,5.918560606060606e-05,0.00011837121212121212,0.0001775568181818182,0.00023674242424242425,0.0002959280303030303,0.0003551136363636364,0.00041429924242424244,0.0004734848484848485,0.0005326704545454545,0.0005918560606060606,0.9999915716398221,0.09074522256851192,0.47055168077349663,-0.18847136289387434,0.983173131942749,0.00012907858818523584,0.26480024371721717,0.0032239886932075024,0.2370094284415245,-1.0,1.983173131942749,0.3473679639463441,-0.10830275898870785,0.3473679399641635,0.12066448571494669,-200.21597290039062,111.634033203125,13.556209564208984,11.85992431640625,-24.016979217529297,-16.28829574584961,-9.506110191345215,-28.53645896911621,-6.561657428741455,-28.342243194580078,-7.005504608154297,-0.40397003293037415,-17.696598052978516,56.133060455322266,19.794160842895508,20.322153091430664,16.438467025756836,18.337905883789062,9.896561622619629,9.26024341583252,9.807204246520996,13.796866416931152,11.765074729919434,8.456831932067871,9.410868644714355,8.520492553710938,-3.699801445007324,0.9595715999603271,2.2488675117492676,-0.8227473497390747,-1.0778898000717163,-0.4910676181316376,0.021367859095335007,0.3406522870063782,-0.04384845867753029,0.5562343597412109,-0.7224629521369934,-0.8528827428817749,-0.3670474886894226,1,tutup7_noise_0.003.wav
2044.0184134522626,1935.7380654179462,3379.0,13516.0,-0.32158973813056946,0.30243420600891113,5.918560606060606e-05,0.00011837121212121212,0.0001775568181818182,0.00023674242424242425,0.0002959280303030303,0.0003551136363636364,0.00041429924242424244,0.0004734848484848485,0.0005326704545454545,0.0005918560606060606,0.999974714919466,0.09012809097766872,0.4702766276896,-0.18701922333748966,0.9820510745048523,0.00010000199377719292,0.2651963253813349,0.0037094263825565577,0.2373219297733158,-1.0,1.9820510745048523,0.34781671696341826,-0.10915539566755698,0.3478167025874575,0.12097645859881186,-174.7725067138672,91.49223327636719,18.130327224731445,9.24804973602295,-22.308809280395508,-12.469751358032227,-13.974213600158691,-22.822189331054688,-12.473700523376465,-22.151878356933594,-9.633496284484863,-0.6661238074302673,-14.436006546020508,46.36091613769531,19.349790573120117,16.9608154296875,14.216246604919434,18.826868057250977,7.9039716720581055,7.8235626220703125,8.14624309539795,12.558273315429688,12.352168083190918,8.424066543579102,9.198012351989746,6.829252243041992,-2.659402370452881,0.30347469449043274,1.8847988843917847,-0.6139548420906067,-1.1011722087860107,-0.3618803322315216,0.00794414896517992,0.08045315742492676,0.1252363920211792,0.603792667388916,-0.7037301063537598,-0.8651756048202515,-0.32768329977989197,1,tutup7_noise_0.008.wav
1584.9844227086483,1125.7491349641928,4505.0,18022.0,-0.18337996304035187,0.14806610345840454,4.438920454545455e-05,8.87784090909091e-05,0.00013316761363636363,0.0001775568181818182,0.00022194602272727272,0.00026633522727272725,0.0003107244318181818,0.0003551136363636364,0.00039950284090909093,0.00044389204545454544,0.9999938601729701,-0.04076025187969207,0.18621650151908398,1.0750069217751177,1.0,8.379106961524511e-05,0.1782501515024335,-0.0030071239452809095,0.09202956408262253,-0.8922913670539856,1.8922913670539856,0.2652474273974648,0.2079403238443421,0.26524741416275865,0.07035619072003003,-223.8496551513672,122.5089111328125,9.293270111083984,19.822351455688477,-10.585396766662598,-18.69953155517578,-0.7255158424377441,-33.20751953125,0.3827168345451355,-25.209245681762695,-8.932232856750488,8.667516708374023,-22.064184188842773,61.43063735961914,18.981706619262695,21.965694427490234,15.585917472839355,18.256065368652344,20.267107009887695,8.99821949005127,16.524965286254883,10.428815841674805,11.37157154083252,12.400568008422852,7.9955058097839355,17.82150650024414,-2.1118719577789307,0.8569440245628357,1.307687520980835,-0.21725979447364807,-0.16470886766910553,-0.2251204550266266,-0.31559574604034424,0.08056630194187164,-0.24142570793628693,0.10001913458108902,-0.482627272605896,-0.5318984389305115,-0.6475032567977905,1,tutup7_pitch_-1.0.wav
1336.48643705676,1265.6870667598794,3379.0,13516.0,-0.18622803688049316,0.17846816778182983,5.918560606060606e-05,0.00011837121212121212,0.0001775568181818182,0.00023674242424242425,0.0002959280303030303,0.0003551136363636364,0.00041429924242424244,0.0004734848484848485,0.0005326704545454545,0.0005918560606060606,0.999974714919466,0.08077581822872171,0.25783001258969307,1.3166040806616852,0.9650469422340393,0.00013847012876886758,0.19590394814794143,0.003289854503236711,0.12878102960530668,-1.0,1.9650469422340393,0.28124857291901834,-0.06236009614905638,0.28124853883177386,0.07910074059500781,-235.63153076171875,111.37910461425781,26.130704879760742,7.672011375427246,-5.385408401489258,-34.57527160644531,6.6309404373168945,-37.089569091796875,-0.07834035903215408,-21.098384857177734,-21.160093307495117,6.366962909698486,-12.50464916229248,54.343082427978516,21.948301315307617,22.958833694458008,15.264942169189453,16.743301391601562,18.37961196899414,7.924666881561279,12.121538162231445,8.973812103271484,14.177351951599121,10.809478759765625,10.712422370910645,9.099596977233887,-4.147428512573242,1.2683435678482056,2.203641653060913,-0.06232030317187309,-1.5371513366699219,-0.26495373249053955,-0.6417251825332642,0.35592666268348694,-0.3534362316131592,0.9032328128814697,0.43875205516815186,-0.45976001024246216,-0.4135579764842987,1,tutup7_pitch_-2.0.wav
1020.6644794473762,966.5955413529458,3379.0,13516.0,-0.21160389482975006,0.21622072160243988,5.918560606060606e-05,0.00011837121212121212,0.0001775568181818182,0.00023674242424242425,0.0002959280303030303,0.0003551136363636364,0.00041429924242424244,0.0004734848484848485,0.0005326704545454545,0.0005918560606060606,0.9999915716398221,-0.05827836394309999,0.322186641395092,-0.09159874712092231,1.0,-3.707377302392291e-07,0.18717510595548956,-4.701340549218003e-05,0.16062211990356445,-0.9241424798965454,1.9241424798965454,0.24578170355139528,0.008520369452704265,0.24578170355111567,0.060408645800488506,-251.4109344482422,127.88130187988281,8.177576065063477,12.286417007446289,-28.133729934692383,-14.0708589553833,-15.556685447692871,-31.365299224853516,-4.450809478759766,-36.388614654541016,9.259328842163086,-10.49661636352539,-10.999792098999023,61.578758239746094,20.547231674194336,21.501195907592773,19.417139053344727,18.928462982177734,8.621851921081543,10.88934326171875,10.216347694396973,17.48961067199707,9.981608390808105,11.131402969360352,8.776912689208984,10.874065399169922,-4.242253303527832,1.9176249504089355,2.12917423248291,-1.5368684530258179,-1.3332014083862305,-0.24021603167057037,0.3089420795440674,0.34241318702697754,0.15749305486679077,0.4616831839084625,-1.1061276197433472,-0.5505648851394653,-0.6509071588516235,1,tutup7_pitch_1.0.wav
1584.3191590417698,1500.3910354938334,3379.0,13516.0,-0.25260114669799805,0.20933568477630615,5.918560606060606e-05,0.00011837121212121212,0.0001775568181818182,0.00023674242424242425,0.0002959280303030303,0.0003551136363636364,0.00041429924242424244,0.0004734848484848485,0.0005326704545454545,0.0005918560606060606,0.9999831432796441,0.07023193240165715,0.3456909842789173,0.495485125310029,0.9458762407302856,-0.00016478138141157845,0.22487300883553504,0.0007800230232533067,0.16996187032782473,-1.0,1.9458762407302856,0.3062170629166782,0.1704079387578382,0.30621701858063544,0.09376886246841322,-212.01597595214844,124.82742309570312,-1.393332839012146,9.593291282653809,-35.05216598510742,-8.31674861907959,-22.079607009887695,-24.378177642822266,-9.761474609375,-28.43158721923828,15.097230911254883,-20.33473777770996,2.6246066093444824,60.72726821899414,20.579421997070312,18.227907180786133,22.771873474121094,19.4539794921875,7.218772888183594,10.067432403564453,9.558088302612305,16.508041381835938,11.042530059814453,13.447102546691895,9.822964668273926,8.044464111328125,-4.366381645202637,1.930177092552185,1.8754167556762695,-1.7059649229049683,-0.8742713928222656,-0.10450734943151474,0.06564658880233765,-0.17566311359405518,0.3178096115589142,-0.022556066513061523,-1.3162622451782227,-0.2109728753566742,-0.4733619689941406,1,tutup7_pitch_2.0.wav
1696.0205011090025,1359.0588479863795,3993.0,15974.0,-0.21317890286445618,0.24595116078853607,5.0080128205128203e-05,0.00010016025641025641,0.00015024038461538462,0.00020032051282051281,0.000250400641025641,0.00030048076923076925,0.00035056089743589744,0.00040064102564102563,0.00045072115384615387,0.000500801282051282,0.9999509204022309,-0.07105877399444582,0.32243842631578445,0.40371625538402034,1.0,4.438496397114068e-05,0.2140511750855525,0.0014978395774960518,0.16092278063297272,-0.9473795890808105,1.9473795890808105,0.29143940044898636,-0.22447359615416138,0.291439397069167,0.0849369221640396,-239.07815551757812,121.87602233886719,10.477884292602539,13.795519828796387,-20.281455993652344,-17.753158569335938,-8.243578910827637,-34.40071487426758,-4.209568977355957,-34.79821014404297,-3.495269298553467,0.12245502322912216,-17.361772537231445,58.57411575317383,19.89080238342285,20.498950958251953,18.232824325561523,17.736387252807617,12.000347137451172,9.676523208618164,10.659789085388184,12.839746475219727,11.069005012512207,8.349936485290527,9.768251419067383,8.405616760253906,-3.306546688079834,1.1239402294158936,1.9065227508544922,-1.0308382511138916,-1.012701392173767,-0.40138569474220276,0.20272663235664368,0.28088968992233276,0.15569397807121277,0.6527523994445801,-0.4640122354030609,-0.798859715461731,-0.6248709559440613,1,tutup7_stretch_0.85.wav
1408.4077272406855,1517.7829619351364,2969.0,11878.0,-0.18734072148799896,0.26860159635543823,6.734913793103448e-05,0.00013469827586206896,0.00020204741379310345,0.00026939655172413793,0.00033674568965517244,0.0004040948275862069,0.0004714439655172414,0.0005387931034482759,0.0006061422413793104,0.0006734913793103449,0.9999902800937663,0.07189908921718602,0.31749917194247246,0.2983059288341079,0.9489074349403381,6.501795330396697e-05,0.22345811590016468,0.0022614600602537394,0.1525077298283577,-1.0,1.9489074349403381,0.30798546440549385,-0.3942302176895433,0.3079854575426143,0.09485504205773349,-230.187744140625,129.07635498046875,10.462433815002441,13.5879487991333,-25.04066276550293,-19.256420135498047,-5.0468950271606445,-33.44670104980469,-0.9781625866889954,-34.540950775146484,-3.2014360427856445,0.18036524951457977,-20.49469566345215,60.04798126220703,19.572481155395508,20.75440216064453,17.114978790283203,17.675752639770508,12.265586853027344,8.725350379943848,9.655176162719727,13.88656234741211,12.993824005126953,8.775883674621582,11.198086738586426,10.447212219238281,-4.729165554046631,1.090431809425354,1.899827480316162,-1.0417873859405518,-1.0368801355361938,-0.16290061175823212,-0.17705392837524414,0.22103875875473022,0.0033563454635441303,1.0099115371704102,-0.8189653754234314,-1.1947726011276245,-0.4590763747692108,1,tutup7_stretch_1.15.wav
668.3358524404206,1740.7412728384713,1228.0,4915.0,-0.176598459482193,0.15865372121334076,0.00016276041666666666,0.0003255208333333333,0.00048828125,0.0006510416666666666,0.0008138020833333334,0.0009765625,0.0011393229166666667,0.0013020833333333333,0.00146484375,0.0016276041666666667,1.0000000000000002,-0.09375026822090149,0.19253112003207207,1.0807072571118441,1.0,0.0003900682536466249,0.21656906602889184,-0.0002468446546117775,0.09698331728577614,-0.98863685131073,1.98863685131073,0.3298160423879874,0.19858916939067423,0.3298158117241079,0.1087784696632322,-149.59927368164062,139.4985809326172,-5.397793769836426,32.258750915527344,-10.229186058044434,-3.504209041595459,-10.657266616821289,-24.995920181274414,-15.414144515991211,-29.54900360107422,-7.271604537963867,-3.3758597373962402,-25.449779510498047,73.35518646240234,26.06195640563965,24.472715377807617,20.566829681396484,20.027727127075195,7.382948875427246,4.498532772064209,13.760865211486816,6.030604362487793,11.236732482910156,6.900028705596924,7.073818206787109,12.914061546325684,-5.94014310836792,3.53084397315979,5.253406047821045,-5.848255634307861,-3.736891031265259,-1.645171046257019,0.8413211107254028,2.462033987045288,0.14934386312961578,-1.0780985355377197,-1.3867547512054443,-1.6515523195266724,1.5969427824020386,1,tutup8_noise_0.003.wav
653.1728417993379,1701.2478379927409,1228.0,4915.0,-0.17661476135253906,0.15728218853473663,0.00016276041666666666,0.0003255208333333333,0.00048828125,0.0006510416666666666,0.0008138020833333334,0.0009765625,0.0011393229166666667,0.0013020833333333333,0.00146484375,0.0016276041666666667,1.0000000000000002,-0.08719713389873507,0.192735580727458,1.084141973207772,1.0,0.00035190510756081633,0.21411109859552646,-0.0005346976686269045,0.09656010940670967,-0.9767220616340637,1.9767220616340637,0.3260531918055871,0.1986477196337228,0.32605300190215436,0.10631056004940627,-131.83009338378906,118.36344909667969,6.7701616287231445,26.593568801879883,-7.429162979125977,-4.272642612457275,-11.309462547302246,-22.641620635986328,-18.999265670776367,-24.695659637451172,-10.03167724609375,-3.314893960952759,-22.892742156982422,67.99077606201172,26.79404067993164,23.352548599243164,17.664981842041016,20.947978973388672,7.052620887756348,4.149819850921631,13.089532852172852,5.857168197631836,10.22973918914795,7.887890338897705,6.6256585121154785,12.829583168029785,-4.895997047424316,2.9117941856384277,4.617279529571533,-4.890795707702637,-4.283846855163574,-1.3181973695755005,0.8022293448448181,2.3914473056793213,0.2248658984899521,-0.931045413017273,-1.6314126253128052,-1.533608317375183,1.7257946729660034,1,tutup8_noise_0.008.wav
369.17869949520775,641.0047956509304,1843.0,7372.0,-0.044854920357465744,0.05805860459804535,0.00010850694444444444,0.00021701388888888888,0.0003255208333333333,0.00043402777777777775,0.0005425347222222222,0.0006510416666666666,0.0007595486111111111,0.0008680555555555555,0.0009765625,0.0010850694444444445,1.0,0.0069136083126069,0.05953716719523072,4.569715728139554,0.8307520151138306,-0.00021632866867157818,0.11259650372668223,0.0010830360115505755,0.02965889492770657,-1.0,1.8307520151138306,0.20014607824336392,-0.5573715143760757,0.2001459613334875,0.040058405838105875,-223.9252166748047,140.94918823242188,-8.870828628540039,34.907840728759766,0.09358842670917511,-0.5112988948822021,-2.007730484008789,-23.575057983398438,-2.4876749515533447,-29.614234924316406,-9.998656272888184,4.111487865447998,-17.77206802368164,82.90999603271484,26.15633773803711,17.581167221069336,14.528450965881348,17.482423782348633,10.212276458740234,4.42415189743042,13.83316421508789,6.300558567047119,9.870121002197266,11.422870635986328,8.895753860473633,16.994848251342773,-0.9556981325149536,2.743135690689087,1.140994668006897,-0.289351224899292,-0.3694486618041992,-0.2674132287502289,0.4929960072040558,-0.30507633090019226,-0.5438230633735657,-1.1843315362930298,-1.2361650466918945,-1.2620960474014282,-1.8123679161071777,1,tutup8_pitch_-1.0.wav
269.89683599537557,648.8879603194604,1331.0,5324.0,-0.09202434867620468,0.09489255398511887,0.00015024038461538462,0.00030048076923076925,0.00045072115384615387,0.0006009615384615385,0.0007512019230769231,0.0009014423076923077,0.0010516826923076923,0.001201923076923077,0.0013521634615384615,0.0015024038461538462,0.9999999999999999,-0.0081114500761032,0.11375936586409807,3.472945567825618,1.0,0.00045354674349951964,0.12517935272119252,0.00037280919787008315,0.05712730623781681,-0.8329299092292786,1.8329299092292786,0.20136882689835736,0.0968054507079256,0.20136831613183856,0.04054919874177207,-212.55567932128906,150.7608184814453,-2.000678539276123,29.379240036010742,8.178223609924316,-13.543573379516602,10.340448379516602,-33.920677185058594,-2.4656779766082764,-30.871448516845703,-19.68332290649414,2.1961829662323,-15.117554664611816,87.68010711669922,24.63414764404297,19.46122932434082,12.812413215637207,19.077083587646484,14.056172370910645,10.359504699707031,11.509708404541016,4.617244720458984,5.855413913726807,7.642853736877441,7.691835880279541,10.79049301147461,-12.652606010437012,2.793959140777588,4.6167426109313965,-2.4478297233581543,-3.185537815093994,-0.6232967376708984,-1.994231939315796,2.266054630279541,0.564616322517395,0.6821269989013672,0.34922632575035095,-1.2921642065048218,-1.8943088054656982,1,tutup8_pitch_-2.0.wav
356.81297081761466,857.8523716125972,1331.0,5324.0,-0.11188563704490662,0.10061494261026382,0.00015024038461538462,0.00030048076923076925,0.00045072115384615387,0.0006009615384615385,0.0007512019230769231,0.0009014423076923077,0.0010516826923076923,0.001201923076923077,0.0013521634615384615,0.0015024038461538462,0.9999999999999999,-0.05067844986915587,0.13221001997590065,2.9504677549290506,1.0,0.0003164848367111207,0.1445508028532081,-0.000729944760678336,0.06600063294172287,-0.9103244543075562,1.9103244543075562,0.23153340573532027,0.09511616262055826,0.23153318943241066,0.05360761780874456,-186.11058044433594,146.19747924804688,-12.28485107421875,35.43925857543945,-18.654342651367188,-1.270412564277649,-16.277620315551758,-26.546741485595703,-16.025453567504883,-32.04982376098633,5.244494915008545,-13.985182762145996,-13.036179542541504,85.2392578125,25.26034164428711,19.997509002685547,23.639013290405273,19.120397567749023,3.5389559268951416,6.892725944519043,12.775574684143066,5.229892730712891,11.366353988647461,7.276083946228027,7.159711837768555,10.109406471252441,-11.829330444335938,2.847099542617798,3.422609806060791,-5.524022579193115,-2.2920591831207275,-0.7214116454124451,1.6802071332931519,1.8312638998031616,-0.6808202862739563,-0.9558762311935425,-1.0157727003097534,-0.44894644618034363,1.9002764225006104,1,tutup8_pitch_1.0.wav
378.1897267022646,985.0294037499973,1228.0,4915.0,-0.12293880432844162,0.11535182595252991,0.00016276041666666666,0.0003255208333333333,0.00048828125,0.0006510416666666666,0.0008138020833333334,0.0009765625,0.0011393229166666667,0.0013020833333333333,0.00146484375,0.0016276041666666667,1.0000000000000002,-0.018192741274833668,0.15144190192222595,2.656097723671043,1.0,0.00023584359693540335,0.15706662694733234,-0.0001305882069573272,0.07609263995618676,-0.8512595295906067,1.8512595295906067,0.24810142582644173,0.23055691268824605,0.24810131373072405,0.06155426187491116,-190.95562744140625,146.03660583496094,-9.316691398620605,35.22709655761719,-21.521697998046875,-0.1811288744211197,-24.597171783447266,-25.090213775634766,-22.862398147583008,-22.246885299682617,10.356181144714355,-24.136171340942383,-0.5446114540100098,78.53907775878906,23.826637268066406,21.63174819946289,26.637245178222656,20.06728172302246,3.564257860183716,12.480572700500488,10.443824768066406,5.805970668792725,9.996234893798828,7.423058032989502,10.658443450927734,4.420851230621338,-7.744269847869873,4.76810359954834,3.5785539150238037,-7.640907287597656,-2.7293920516967773,-0.6713710427284241,2.8873889446258545,2.037269115447998,-1.192124605178833,-1.269975185394287,-0.8653605580329895,-0.04204726219177246,0.9087222218513489,1,tutup8_pitch_2.0.wav
553.8558809325347,1236.4579454333132,1433.0,5734.0,-0.15300612151622772,0.13211005926132202,0.00013950892857142856,0.00027901785714285713,0.0004185267857142857,0.0005580357142857143,0.0006975446428571429,0.0008370535714285714,0.0009765625,0.0011160714285714285,0.0012555803571428572,0.0013950892857142857,1.0000000000000002,0.0685927063226699,0.179154422134161,1.648849384496919,0.9428958296775818,0.0001472159299907056,0.18113053414640687,-0.0010954392491839826,0.08941121771931648,-1.0,1.9428958296775818,0.27797093468901135,0.13588646144357477,0.27797089570556227,0.07726781885935259,-197.53277587890625,146.12051391601562,-9.53142261505127,34.80531311035156,-10.664872169494629,-3.184901475906372,-7.671578407287598,-28.306190490722656,-13.35510540008545,-32.7104377746582,-3.4817299842834473,-3.195692539215088,-24.418785095214844,75.4069595336914,24.57497787475586,24.1384334564209,22.271663665771484,20.91211700439453,11.003312110900879,5.592467308044434,15.84765911102295,8.783687591552734,11.138239860534668,7.2135138511657715,7.176441192626953,13.970821380615234,-5.975836277008057,2.801619052886963,4.069561958312988,-4.658997058868408,-2.7318778038024902,-1.725045919418335,0.4288693964481354,2.203336477279663,-0.18796959519386292,-0.9736832976341248,-1.1333861351013184,-1.1541529893875122,0.9761418104171753,1,tutup8_stretch_0.85.wav
251.04297799262838,653.8641783952554,1228.0,4915.0,-0.09375020116567612,0.09348591417074203,0.00016276041666666666,0.0003255208333333333,0.00048828125,0.0006510416666666666,0.0008138020833333334,0.0009765625,0.0011393229166666667,0.0013020833333333333,0.00146484375,0.0016276041666666667,1.0000000000000002,-0.04993238449096682,0.10282902047038078,3.5968811774485685,1.0,0.0001245319958940172,0.12479008456627753,0.00042022662819363177,0.05162415653467178,-0.9089679718017578,1.9089679718017578,0.20213821929393022,0.007478712596283134,0.20213818093349664,0.04085984419110302,-202.5191192626953,151.21331787109375,-11.563833236694336,37.077693939208984,-11.665655136108398,-2.1765248775482178,-10.63546085357666,-26.109724044799805,-12.414460182189941,-32.91392517089844,-0.2819361388683319,1.0399352312088013,-21.51521110534668,89.27071380615234,27.24529457092285,21.64785385131836,17.817087173461914,20.131315231323242,8.727182388305664,3.4564626216888428,15.63770580291748,6.363016128540039,10.759551048278809,6.320526123046875,8.562775611877441,12.00847053527832,-8.78610897064209,3.76029372215271,4.950007438659668,-4.525903701782227,-3.0198309421539307,-2.024559259414673,0.5773957371711731,2.787240505218506,1.056493878364563,-0.6223424673080444,-0.8425044417381287,-1.8763995170593262,1.2503254413604736,1,tutup8_stretch_1.15.wav
1053.0668802717862,1218.9155815921708,2764.0,11059.0,-0.09629632532596588,0.10439809411764145,7.233796296296296e-05,0.00014467592592592592,0.00021701388888888888,0.00028935185185185184,0.0003616898148148148,0.00043402777777777775,0.0005063657407407407,0.0005787037037037037,0.0006510416666666666,0.0007233796296296296,0.9999999999999999,-0.07944553494453432,0.13130321633070707,2.7366151753572714,1.0,0.0011871661039177066,0.1665363822160484,0.0003649983846116811,0.0656871385872364,-0.9626282453536987,1.9626282453536987,0.276001291632165,-0.028658101553205452,0.2759987384378145,0.07617530361926514,-171.80166625976562,129.15850830078125,2.208233594894409,22.802249908447266,-10.942269325256348,-12.671479225158691,-12.541845321655273,-12.445610046386719,-8.15373706817627,-13.79155445098877,-11.800118446350098,-7.974616527557373,-14.733933448791504,87.79033660888672,27.228832244873047,21.59062385559082,15.905138969421387,8.363228797912598,7.405571937561035,8.087989807128906,10.771368026733398,8.361858367919922,5.824385643005371,8.220053672790527,6.59323787689209,4.872288227081299,-2.8245582580566406,0.07470954954624176,0.6571491956710815,0.022158076986670494,0.5813139081001282,-0.034283190965652466,-0.3755898177623749,0.3064815104007721,0.06274904310703278,-0.03142871707677841,0.14840947091579437,0.016638169065117836,0.06226280704140663,1,tutup9_noise_0.003.wav
1055.7042781498135,1221.968346263258,2764.0,11059.0,-0.09626009315252304,0.10449057072401047,7.233796296296296e-05,0.00014467592592592592,0.00021701388888888888,0.00028935185185185184,0.0003616898148148148,0.00043402777777777775,0.0005063657407407407,0.0005787037037037037,0.0006510416666666666,0.0007233796296296296,0.9999999999999999,-0.08255269825458528,0.13096823263913393,2.7407076990308488,1.0,0.001152523652357197,0.16692752410437509,0.00097834607004188,0.06557288765907288,-0.968277633190155,1.968277633190155,0.2763466970539774,-0.029026792315496514,0.27634429370239133,0.07636616866187351,-150.8722381591797,108.98939514160156,11.870955467224121,18.1988582611084,-9.586494445800781,-11.729569435119629,-12.813405990600586,-10.824906349182129,-10.754862785339355,-10.485602378845215,-13.471952438354492,-7.3690924644470215,-13.712613105773926,75.0516357421875,28.9354190826416,22.463045120239258,15.633871078491211,8.537604331970215,6.793789386749268,7.666791915893555,10.080020904541016,7.478848457336426,6.214697360992432,6.940362930297852,6.984848976135254,4.663042068481445,-2.3624441623687744,-0.5589905381202698,0.8753440976142883,0.12528888881206512,0.3678115904331207,-0.029460767284035683,-0.0055203926749527454,0.20264193415641785,-0.005145322065800428,0.047242555767297745,-0.017137374728918076,0.12704159319400787,0.15885765850543976,1,tutup9_noise_0.008.wav
610.5670404034154,733.9097473108441,2662.0,10649.0,-0.08177243918180466,0.10658670216798782,7.512019230769231e-05,0.00015024038461538462,0.00022536057692307694,0.00030048076923076925,0.00037560096153846156,0.00045072115384615387,0.0005258413461538461,0.0006009615384615385,0.0006760817307692308,0.0007512019230769231,0.9999780678010775,0.018283811211585954,0.1218495350331068,2.5377465238686545,0.8514251112937927,-0.0003926406675009986,0.13491233733661762,0.001897897629532963,0.06032310798764229,-1.0,1.8514251112937927,0.2141632869841213,-0.32288436964558564,0.21416292705589668,0.04586575932514932,-212.79876708984375,145.01161193847656,1.5357061624526978,27.485057830810547,-4.015139102935791,-15.320869445800781,-10.122206687927246,-19.36949348449707,-3.2810919284820557,-14.984710693359375,-7.919236183166504,-7.095851421356201,-15.379149436950684,81.68679809570312,22.05112075805664,20.6152400970459,14.077807426452637,7.0775556564331055,9.560178756713867,11.398350715637207,12.042137145996094,10.422061920166016,5.893177032470703,7.381240367889404,7.463786602020264,5.6728973388671875,-6.721859931945801,-0.21943773329257965,0.6012900471687317,-0.5049526691436768,0.4677000045776367,0.33820080757141113,-0.501594066619873,0.3301687240600586,0.20696336030960083,-0.27930036187171936,0.052133843302726746,0.5153079628944397,0.36135002970695496,1,tutup9_pitch_-1.0.wav
661.5317274117225,765.7171119574303,2764.0,11059.0,-0.09069078415632248,0.11397785693407059,7.233796296296296e-05,0.00014467592592592592,0.00021701388888888888,0.00028935185185185184,0.0003616898148148148,0.00043402777777777775,0.0005063657407407407,0.0005787037037037037,0.0006510416666666666,0.0007233796296296296,0.9991747995007932,0.002508682012557939,0.13440251164138317,2.537537838516287,0.8227430582046509,0.0008813994735218267,0.13955829871672124,0.000129852574900724,0.06682423502206802,-1.0,1.8227430582046509,0.21875524587157696,-0.32062852699110583,0.2187534702154509,0.04785308073130217,-195.0914764404297,138.94235229492188,4.157985210418701,23.411081314086914,5.3470540046691895,-17.68504524230957,-2.4070115089416504,-21.077484130859375,0.02073601260781288,-13.421996116638184,-8.365930557250977,-10.214844703674316,-12.543745994567871,95.7931137084961,29.974376678466797,19.338769912719727,13.285932540893555,5.2091803550720215,11.780034065246582,10.850515365600586,9.986759185791016,9.366859436035156,6.278571605682373,5.011139869689941,7.161925792694092,5.517570972442627,-3.7042269706726074,1.5060750246047974,0.15840521454811096,0.1056576818227768,0.49924585223197937,0.2763952910900116,-0.3200101852416992,0.2552224099636078,0.5084490776062012,-0.20612283051013947,-0.05144628882408142,0.21959610283374786,-0.0663347914814949,1,tutup9_pitch_-2.0.wav
634.5605154488649,762.7502251657905,2662.0,10649.0,-0.0917547345161438,0.10841501504182816,7.512019230769231e-05,0.00015024038461538462,0.00022536057692307694,0.00030048076923076925,0.00037560096153846156,0.00045072115384615387,0.0005258413461538461,0.0006009615384615385,0.0006760817307692308,0.0007512019230769231,0.998465099135859,-0.05678039789199829,0.1374686248600483,3.101240927384059,1.0,0.0008028305021487579,0.1375857851548317,3.2599607692126997e-12,0.06792588159441948,-0.9214189052581787,1.9214189052581787,0.21833073066196404,-0.0709083540332047,0.2183292546008709,0.04766766341457191,-189.26144409179688,137.6907196044922,-6.1998724937438965,26.091209411621094,-20.52811050415039,-12.615212440490723,-15.405957221984863,-11.846161842346191,-11.392781257629395,-18.504329681396484,-8.843984603881836,-12.418784141540527,-10.876545906066895,93.0374526977539,25.232383728027344,20.751873016357422,14.745253562927246,9.160226821899414,7.548051357269287,8.793678283691406,12.370039939880371,10.577136993408203,7.039113521575928,8.389026641845703,5.519347190856934,3.979159355163574,-3.790123224258423,1.7313697338104248,-0.1003599539399147,-0.356145441532135,0.6080698370933533,-0.49908921122550964,-0.3961963355541229,-0.023021150380373,0.21377283334732056,-0.1667882353067398,0.4615587592124939,-0.4340236485004425,-0.19925659894943237,1,tutup9_pitch_1.0.wav
732.870940458781,848.2916188483322,2764.0,11059.0,-0.09629174321889877,0.11930619180202484,7.233796296296296e-05,0.00014467592592592592,0.00021701388888888888,0.00028935185185185184,0.0003616898148148148,0.00043402777777777775,0.0005063657407407407,0.0005787037037037037,0.0006510416666666666,0.0007233796296296296,0.999067836803449,0.04132581651210776,0.13537965435534716,2.3376461913921354,0.8933196663856506,0.0010376010345107792,0.14679081695353413,3.2557997096949176e-12,0.0661720559000969,-1.0,1.8933196663856506,0.23024854168384895,-0.22268150383860053,0.23024620372903506,0.05301331433163232,-179.56552124023438,136.2723388671875,-9.16085147857666,24.942211151123047,-24.57132339477539,-9.962788581848145,-17.183792114257812,-9.971794128417969,-12.550829887390137,-15.800043106079102,-6.9143757820129395,-11.224808692932129,-2.722895383834839,97.98591613769531,24.345260620117188,20.63600730895996,15.410361289978027,9.654885292053223,8.047771453857422,6.930819511413574,11.629171371459961,8.044564247131348,7.8328857421875,8.596853256225586,5.147613525390625,4.621922492980957,-4.63346004486084,0.5548087358474731,0.09758836776018143,0.3082735538482666,0.453565388917923,-0.4988367259502411,-0.22601382434368134,0.15088748931884766,-0.3430291712284088,-0.22498096525669098,0.3872133791446686,-0.2108064442873001,0.14696499705314636,1,tutup9_pitch_2.0.wav
945.7892785317625,985.261309753773,3072.0,12288.0,-0.09784170985221863,0.10334134846925735,6.510416666666667e-05,0.00013020833333333333,0.0001953125,0.00026041666666666666,0.0003255208333333333,0.000390625,0.0004557291666666667,0.0005208333333333333,0.0005859375,0.0006510416666666666,0.9999906371354229,0.08776164948940268,0.1228763572871685,2.7999238661934838,0.977748453617096,0.0006525663582220925,0.15201247108978866,-5.065888899480342e-07,0.06140554877526938,-1.0,1.977748453617096,0.24814274686373222,0.1358016701158542,0.2481418888020046,0.06157439697822641,-200.13694763183594,140.3790283203125,-4.577113151550293,26.83283805847168,-12.789556503295898,-13.050795555114746,-11.988738059997559,-13.445106506347656,-5.74037504196167,-17.44066047668457,-10.506654739379883,-10.549042701721191,-13.905862808227539,85.33209228515625,26.31812286376953,21.266841888427734,16.57228660583496,8.740730285644531,9.135849952697754,8.364629745483398,11.262374877929688,9.144704818725586,6.318578720092773,8.639678001403809,5.686966419219971,5.486698150634766,-3.049604892730713,1.056610107421875,0.4153403043746948,-0.1758188009262085,0.7173045873641968,-0.1817156821489334,-0.24229606986045837,0.33800801634788513,0.035681240260601044,-0.20463211834430695,0.09325344115495682,0.01845354400575161,0.1244632825255394,1,tutup9_stretch_0.85.wav
574.2589074044138,780.3093433945324,2355.0,9420.0,-0.10768156498670578,0.11597032099962234,8.491847826086956e-05,0.00016983695652173913,0.0002547554347826087,0.00033967391304347825,0.0004245923913043478,0.0005095108695652174,0.000594429347826087,0.0006793478260869565,0.0007642663043478261,0.0008491847826086956,0.998475122510484,0.07710794210433969,0.14744463376700878,2.9888685243636806,0.9583780765533447,-7.669009820623725e-05,0.14092545732218284,2.3939167093089964e-08,0.07425667718052864,-1.0,1.9583780765533447,0.22082842331668362,0.035110143348311695,0.22082841000007508,0.048765186663161264,-190.6016082763672,146.07427978515625,-4.260319232940674,27.82709312438965,-14.645316123962402,-12.165534973144531,-11.863909721374512,-13.427029609680176,-6.508004665374756,-15.410240173339844,-9.311699867248535,-8.620963096618652,-13.680317878723145,91.4110336303711,23.282358169555664,22.768014907836914,14.056307792663574,8.804295539855957,9.232900619506836,9.570282936096191,11.284286499023438,7.312595844268799,6.071538925170898,7.744574546813965,6.301865100860596,5.560127258300781,-4.1838603019714355,1.0863233804702759,-0.9273683428764343,-0.8052308559417725,0.555736243724823,-0.05128633975982666,-0.3456076383590698,-0.3665100634098053,0.20076490938663483,-0.578464686870575,0.5297021865844727,0.31578293442726135,0.006772622466087341,1,tutup9_stretch_1.15.wav
